epsilon_over_omega,omega_t,normalized_current_quotient
1,0,0
1,0.00785398163397,0.000123364981706897
1,0.0157079632679,0.00049339905115281
1,0.0235619449019,0.00110991961135282
1,0.0314159265359,0.0019726224341165
1,0.0392699081699,0.00308108181017197
1,0.0471238898038,0.00443475075923672
1,0.0549778714378,0.00603296129993008
1,0.0628318530718,0.00787492477939566
1,0.0706858347058,0.00995973226246966
1,0.0785398163397,0.012286354980204
1,0.0863937979737,0.0148536448375227
1,0.0942477796077,0.0176603349797606
1,0.102101761242,0.0207050404178054
1,0.109955742876,0.0239862587115345
1,0.11780972451,0.0275023707112088
1,0.125663706144,0.0312516413564581
1,0.133517687778,0.0352322205324643
1,0.141371669412,0.0394421439829183
1,0.149225651046,0.0438793342793025
1,0.157079632679,0.0485416018460178
1,0.164933614313,0.0534266460408518
1,0.172787595947,0.0585320562902538
1,0.180641577581,0.0638553132788555
1,0.188495559215,0.0693937901926528
1,0.196349540849,0.0751447540152332
1,0.204203522483,0.0811053668764097
1,0.212057504117,0.0872726874525958
1,0.219911485751,0.0936436724182313
1,0.227765467385,0.100215177947541
1,0.235619449019,0.106983961265888
1,0.243473430653,0.113946682249951
1,0.251327412287,0.121099905075942
1,0.259181393921,0.128440099915049
1,0.267035375555,0.135963644675264
1,0.274889357189,0.143666826788741
1,0.282743338823,0.151545845043796
1,0.290597320457,0.159596811460659
1,0.298451302091,0.167815753210031
1,0.306305283725,0.176198614573517
1,0.314159265359,0.184741258944962
1,0.322013246993,0.1934394708717
1,0.329867228627,0.20228895813471
1,0.337721210261,0.211285353866654
1,0.345575191895,0.220424218706753
1,0.353429173529,0.229701042991433
1,0.361283155163,0.239111248979659
1,0.369137136797,0.248650193111874
1,0.376991118431,0.258313168301404
1,0.384845100065,0.268095406257219
1,0.392699081699,0.277992079836893
1,0.400553063333,0.287998305428607
1,0.408407044967,0.298109145361011
1,0.416261026601,0.308319610339772
1,0.424115008235,0.318624661909589
1,0.431968989869,0.329019214940469
1,0.439822971503,0.339498140137033
1,0.447676953137,0.350056266569621
1,0.455530934771,0.360688384225936
1,0.463384916404,0.371389246581976
1,0.471238898038,0.382153573190988
1,0.479092879672,0.39297605228915
1,0.486946861306,0.403851343416717
1,0.49480084294,0.414774080053328
1,0.502654824574,0.425738872266158
1,0.510508806208,0.436740309369647
1,0.518362787842,0.447772962595445
1,0.526216769476,0.458831387771299
1,0.53407075111,0.469910128007531
1,0.541924732744,0.481003716389795
1,0.549778714378,0.492106678676779
1,0.557632696012,0.503213536001526
1,0.565486677646,0.514318807575032
1,0.57334065928,0.5254170133908
1,0.581194640914,0.536502676929
1,0.589048622548,0.547570327858914
1,0.596902604182,0.558614504738324
1,0.604756585816,0.569629757708514
1,0.61261056745,0.58061065118356
1,0.620464549084,0.591551766532572
1,0.628318530718,0.60244770475357
1,0.636172512352,0.613293089137676
1,0.644026493986,0.624082567922306
1,0.65188047562,0.634810816932049
1,0.659734457254,0.645472542205933
1,0.667588438888,0.656062482609785
1,0.675442420522,0.666575412432387
1,0.683296402156,0.677006143964159
1,0.69115038379,0.687349530057083
1,0.699004365424,0.697600466664613
1,0.706858347058,0.707753895360322
1,0.714712328692,0.717804805834029
1,0.722566310326,0.727748238364185
1,0.73042029196,0.737579286265304
1,0.738274273594,0.747293098309206
1,0.746128255228,0.756884881118912
1,0.753982236862,0.766349901533977
1,0.761836218496,0.775683488946121
1,0.769690200129,0.784881037603982
1,0.777544181763,0.793938008885873
1,0.785398163397,0.802849933539407
1,0.793252145031,0.811612413886896
1,0.801106126665,0.820221125995431
1,0.808960108299,0.828671821810563
1,0.816814089933,0.836960331252554
1,0.824668071567,0.845082564274141
1,0.832522053201,0.853034512878813
1,0.840376034835,0.860812253098591
1,0.848230016469,0.868411946930357
1,0.856083998103,0.875829844229748
1,0.863937979737,0.883062284561706
1,0.871791961371,0.890105699006753
1,0.879645943005,0.896956611922114
1,0.887499924639,0.903611642656802
1,0.895353906273,0.910067507219837
1,0.903207887907,0.916321019900766
1,0.911061869541,0.922369094841678
1,0.918915851175,0.928208747559954
1,0.926769832809,0.933837096420993
1,0.934623814443,0.939251364060177
1,0.942477796077,0.944448878753392
1,0.950331777711,0.94942707573542
1,0.958185759345,0.954183498465541
1,0.966039740979,0.958715799839742
1,0.973893722613,0.96302174334892
1,0.981747704247,0.967099204182505
1,0.989601685881,0.970946170276973
1,0.997455667515,0.974560743308717
1,1.00530964915,0.977941139630792
1,1.01316363078,0.981085691153077
1,1.02101761242,0.983992846165408
1,1.02887159405,0.986661170103285
1,1.03672557568,0.989089346255773
1,1.04457955732,0.991276176415245
1,1.05243353895,0.993220581468651
1,1.06028752059,0.994921601930016
1,1.06814150222,0.996378398413907
1,1.07599548385,0.997590252049638
1,1.08384946549,0.998556564836003
1,1.09170344712,0.999276859936364
1,1.09955742876,0.999750781913954
1,1.10741141039,0.999978096907268
1,1.11526539202,0.999958692745468
1,1.12311937366,0.999692579003728
1,1.13097335529,0.999179886998517
1,1.13882733693,0.998420869722794
1,1.14668131856,0.997415901721167
1,1.15453530019,0.996165478905075
1,1.16238928183,0.994670218308068
1,1.17024326346,0.992930857781331
1,1.1780972451,0.990948255629582
1,1.18595122673,0.988723390187533
1,1.19380520836,0.986257359337124
1,1.20165919,0.983551379965757
1,1.20951317163,0.980606787365815
1,1.21736715327,0.977425034575746
1,1.2252211349,0.97400769166305
1,1.23307511653,0.970356444949509
1,1.24092909817,0.966473096179062
1,1.2487830798,0.962359561628706
1,1.25663706144,0.958017871162902
1,1.26449104307,0.953450167231907
1,1.2723450247,0.948658703814571
1,1.28019900634,0.943645845306079
1,1.28805298797,0.938414065351225
1,1.29590696961,0.932965945623763
1,1.30376095124,0.927304174552454
1,1.31161493287,0.921431545994438
1,1.31946891451,0.915350957856572
1,1.32732289614,0.909065410665435
1,1.33517687778,0.902578006086683
1,1.34303085941,0.895891945394505
1,1.35088484104,0.889010527891921
1,1.35873882268,0.881937149282708
1,1.36659280431,0.874675299995757
1,1.37444678595,0.867228563462687
1,1.38230076758,0.859600614349561
1,1.39015474921,0.851795216743591
1,1.39800873085,0.843816222295708
1,1.40586271248,0.835667568319929
1,1.41371669412,0.827353275850449
1,1.42157067575,0.818877447657421
1,1.42942465738,0.810244266222404
1,1.43727863902,0.801457991674479
1,1.44513262065,0.792522959688041
1,1.45298660229,0.783443579343319
1,1.46084058392,0.774224330950675
1,1.46869456555,0.764869763839746
1,1.47654854719,0.755384494114533
1,1.48440252882,0.745773202375542
1,1.49225651046,0.73604063141009
1,1.50011049209,0.726191583851934
1,1.50796447372,0.716230919811362
1,1.51581845536,0.706163554476922
1,1.52367243699,0.695994455689975
1,1.53152641863,0.685728641493264
1,1.53938040026,0.675371177654713
1,1.54723438189,0.664927175167669
1,1.55508836353,0.654401787728834
1,1.56294234516,0.643800209195124
1,1.57079632679,0.633127671020708
1,1.57865030843,0.622389439675491
1,1.58650429006,0.611590814046326
1,1.5943582717,0.600737122822228
1,1.60221225333,0.589833721864874
1,1.61006623496,0.578885991565701
1,1.6179202166,0.567899334190902
1,1.62577419823,0.556879171215622
1,1.63362817987,0.545830940648676
1,1.6414821615,0.534760094349111
1,1.64933614313,0.523672095335932
1,1.65719012477,0.512572415092321
1,1.6650441064,0.501466530865678
1,1.67289808804,0.490359922964821
1,1.68075206967,0.479258072055673
1,1.6886060513,0.468166456456771
1,1.69646003294,0.457090549435936
1,1.70431401457,0.446035816509437
1,1.71216799621,0.435007712744974
1,1.72002197784,0.424011680069824
1,1.72787595947,0.413053144585467
1,1.73572994111,0.40213751389002
1,1.74358392274,0.391270174409809
1,1.75143790438,0.380456488741378
1,1.75929188601,0.369701793005264
1,1.76714586764,0.359011394212841
1,1.77499984928,0.348390567647512
1,1.78285383091,0.337844554261579
1,1.79070781255,0.327378558090034
1,1.79856179418,0.316997743682583
1,1.80641577581,0.306707233555143
1,1.81426975745,0.29651210566209
1,1.82212373908,0.286417390890487
1,1.82997772072,0.276428070577547
1,1.83783170235,0.266549074052541
1,1.84568568398,0.256785276204371
1,1.85353966562,0.247141495076008
1,1.86139364725,0.237622489486982
1,1.86924762889,0.228232956685096
1,1.87710161052,0.218977530028518
1,1.88495559215,0.209860776699409
1,1.89280957379,0.200887195450199
1,1.90066355542,0.192061214383636
1,1.90851753706,0.183387188767691
1,1.91637151869,0.174869398886409
1,1.92422550032,0.166512047927762
1,1.93207948196,0.158319259909543
1,1.93993346359,0.150295077644327
1,1.94778744523,0.142443460744508
1,1.95564142686,0.134768283668386
1,1.96349540849,0.127273333808281
1,1.97134939013,0.119962309621601
1,1.97920337176,0.112838818805807
1,1.9870573534,0.105906376518156
1,1.99491133503,0.0991684036411118
1,2.00276531666,0.0926282250942765
1,2.0106192983,0.0862890681936781
1,2.01847327993,0.0801540610592169
1,2.02632726157,0.074226231071064
1,2.0341812432,0.0685085033757719
1,2.04203522483,0.0630036994428307
1,2.04988920647,0.0577145356723865
1,2.0577431881,0.0526436220548065
1,2.06559716974,0.0477934608827526
1,2.07345115137,0.0431664455164031
1,2.081305133,0.0387648592024213
1,2.08915911464,0.0345908739472677
1,2.09701309627,0.0306465494454012
1,2.10486707791,0.0269338320629016
1,2.11272105954,0.0234545538770169
1,2.12057504117,0.0202104317721061
1,2.12842902281,0.0172030665924256
1,2.13628300444,0.014433942352177
1,2.14413698608,0.0119044255032054
1,2.15199096771,0.00961576426070981
1,2.15984494934,0.00756908798729961
1,2.16769893098,0.00576540663569891
1,2.17555291261,0.00420561025037541
1,2.18340689424,0.0028904685283393
1,2.19126087588,0.00182063043932851
1,2.19911485751,0.000996623905568206
1,2.20696883915,0.000418855541262197
1,2.21482282078,8.76104519452747e-05
1,2.22267680241,3.05209379497517e-06
1,2.23053078405,0.000165222192972492
1,2.23838476568,0.000574040725032643
1,2.24623874732,0.0012293059544124
1,2.25409272895,0.00213069453397968
1,2.26194671058,0.00327776166459187
1,2.26980069222,0.00466994131458681
1,2.27765467385,0.00630654649909618
1,2.28550865549,0.00818676961904535
1,2.29336263712,0.0103096828596713
1,2.30121661875,0.0126742386483613
1,2.30907060039,0.0152792701715894
1,2.31692458202,0.0181234919506902
1,2.32477856366,0.0212055004761931
1,2.33263254529,0.0245237749003965
1,2.34048652692,0.0280766777878459
1,2.34834050856,0.0318624559233423
1,2.35619449019,0.0358792411770839
1,2.36404847183,0.0401250514265136
1,2.37190245346,0.0445977915344162
1,2.37975643509,0.0492952543827854
1,2.38761041673,0.0542151219619478
1,2.39546439836,0.0593549665144079
1,2.40331838,0.0647122517328486
1,2.41117236163,0.0702843340116979
1,2.41902634326,0.0760684637516427
1,2.4268803249,0.0820617867164445
1,2.43473430653,0.0882613454413918
1,2.44258828817,0.0946640806926897
1,2.4504422698,0.101266832977069
1,2.45829625143,0.108066344100872
1,2.46615023307,0.115059258777836
1,2.4740042147,0.122242126284797
1,2.48185819634,0.129611402164479
1,2.48971217797,0.137163449974548
1,2.4975661596,0.144894543082042
1,2.50542014124,0.152800866502323
1,2.51327412287,0.160878518781614
1,2.52112810451,0.169123513922213
1,2.52898208614,0.177531783349421
1,2.53683606777,0.186099177919222
1,2.54469004941,0.194821469965718
1,2.55254403104,0.203694355387314
1,2.56039801268,0.212713455770619
1,2.56825199431,0.221874320551018
1,2.57610597594,0.231172429208847
1,2.58395995758,0.240603193500088
1,2.59181393921,0.250161959720483
1,2.59966792085,0.259844011001954
1,2.60752190248,0.269644569640183
1,2.61537588411,0.279558799452221
1,2.62322986575,0.289581808162952
1,2.63108384738,0.29970864981923
1,2.63893782902,0.309934327230512
1,2.64679181065,0.320253794434771
1,2.65464579228,0.330661959188477
1,2.66249977392,0.341153685479409
1,2.67035375555,0.351723796061083
1,2.67820773719,0.362367075007502
1,2.68606171882,0.373078270287018
1,2.69391570045,0.38385209635399
1,2.70176968209,0.394683236756996
1,2.70962366372,0.405566346762287
1,2.71747764536,0.416496055991193
1,2.72533162699,0.427466971070201
1,2.73318560862,0.438473678292356
1,2.74103959026,0.44951074628872
1,2.74889357189,0.460572728708525
1,2.75674755353,0.471654166906737
1,2.76460153516,0.482749592637673
1,2.77245551679,0.493853530753364
1,2.78030949843,0.50496050190532
1,2.78816348006,0.516065025248368
1,2.79601746169,0.527161621145233
1,2.80387144333,0.538244813870514
1,2.81172542496,0.549309134312742
1,2.8195794066,0.56034912267316
1,2.82743338823,0.57135933115992
1,2.83528736986,0.582334326676346
1,2.8431413515,0.593268693501956
1,2.85099533313,0.604157035964895
1,2.85884931477,0.614993981104488
1,2.8667032964,0.62577418132258
1,2.87455727803,0.636492317022359
1,2.88241125967,0.647143099233368
1,2.8902652413,0.657721272221396
1,2.89811922294,0.668221616081975
1,2.90597320457,0.67863894931619
1,2.9138271862,0.688968131387548
1,2.92168116784,0.699204065258619
1,2.92953514947,0.709341699906223
1,2.93738913111,0.71937603281391
1,2.94524311274,0.729302112440496
1,2.95309709437,0.739115040663456
1,2.96095107601,0.748809975195946
1,2.96880505764,0.758382131976284
1,2.97665903928,0.767826787528682
1,2.98451302091,0.777139281294104
1,2.99236700254,0.786315017930058
1,3.00022098418,0.795349469578214
1,3.00807496581,0.804238178098723
1,3.01592894745,0.812976757270129
1,3.02378292908,0.821560894953794
1,3.03163691071,0.829986355221765
1,3.03949089235,0.838248980447034
1,3.04734487398,0.846344693355162
1,3.05519885562,0.85426949903625
1,3.06305283725,0.862019486916266
1,3.07090681888,0.869590832686758
1,3.07876080052,0.876979800191996
1,3.08661478215,0.884182743272616
1,3.09446876379,0.891196107564852
1,3.10232274542,0.898016432254475
1,3.11017672705,0.904640351784561
1,3.11803070869,0.911064597516263
1,3.12588469032,0.917285999341754
1,3.13373867196,0.923301487248543
1,3.14159265359,0.929108092834409
1,3.14944663522,0.934702950772183
1,3.15730061686,0.940083300223678
1,3.16515459849,0.945246486202046
1,3.17300858013,0.950189960881913
1,3.18086256176,0.954911284856624
1,3.18871654339,0.959408128341997
1,3.19657052503,0.963678272325974
1,3.20442450666,0.967719609663618
1,3.2122784883,0.971530146116901
1,3.22013246993,0.975108001338785
1,3.22798645156,0.978451409801092
1,3.2358404332,0.981558721665729
1,3.24369441483,0.984428403598809
1,3.25154839647,0.987059039527296
1,3.2594023781,0.989449331337777
1,3.26725635973,0.99159809951703
1,3.27511034137,0.993504283734067
1,3.282964323,0.995166943363364
1,3.29081830464,0.99658525794902
1,3.29867228627,0.997758527609626
1,3.3065262679,0.99868617338362
1,3.31438024954,0.999367737514986
1,3.32223423117,0.999802883679137
1,3.33008821281,0.99999139714888
1,3.33794219444,0.999933184900372
1,3.34579617607,0.999628275659023
1,3.35365015771,0.999076819885327
1,3.36150413934,0.998279089700609
1,3.36935812098,0.997235478752748
1,3.37721210261,0.995946502021925
1,3.38506608424,0.994412795566505
1,3.39292006588,0.992635116209161
1,3.40077404751,0.990614341163419
1,3.40862802914,0.988351467600787
1,3.41648201078,0.985847612158686
1,3.42433599241,0.983104010389441
1,3.43218997405,0.980122016150578
1,3.44004395568,0.976903100936757
1,3.44789793731,0.973448853153644
1,3.45575191895,0.969760977334097
1,3.46360590058,0.965841293297049
1,3.47145988222,0.961691735249496
1,3.47931386385,0.957314350832051
1,3.48716784548,0.952711300108507
1,3.49502182712,0.947884854499937
1,3.50287580875,0.942837395663839
1,3.51072979039,0.93757141431888
1,3.51858377202,0.932089509015828
1,3.52643775365,0.926394384855275
1,3.53429173529,0.920488852152772
1,3.54214571692,0.914375825052053
1,3.54999969856,0.908058320087025
1,3.55785368019,0.901539454693226
1,3.56570766182,0.894822445669496
1,3.57356164346,0.887910607590614
1,3.58141562509,0.880807351171697
1,3.58926960673,0.873516181585134
1,3.59712358836,0.866040696730938
1,3.60497756999,0.858384585461316
1,3.61283155163,0.850551625760376
1,3.62068553326,0.842545682879841
1,3.6285395149,0.834370707431695
1,3.63639349653,0.826030733438727
1,3.64424747816,0.817529876343893
1,3.6521014598,0.808872330979513
1,3.65995544143,0.800062369497287
1,3.66780942307,0.791104339260168
1,3.6756634047,0.782002660697097
1,3.68351738633,0.772761825121713
1,3.69137136797,0.763386392516063
1,3.6992253496,0.753880989280434
1,3.70707933124,0.744250305950414
1,3.71493331287,0.734499094882289
1,3.7227872945,0.724632167907965
1,3.73064127614,0.714654393960501
1,3.73849525777,0.7045706966715
1,3.74634923941,0.694386051941488
1,3.75420322104,0.68410548548451
1,3.76205720267,0.673734070348134
1,3.76991118431,0.663276924410119
1,3.77776516594,0.65273920785293
1,3.78561914758,0.642126120617411
1,3.79347312921,0.631442899836812
1,3.80132711084,0.620694817252477
1,3.80918109248,0.609887176612453
1,3.81703507411,0.599025311054297
1,3.82488905575,0.588114580473396
1,3.83274303738,0.57716036887806
1,3.84059701901,0.566168081732745
1,3.84845100065,0.555143143290659
1,3.85630498228,0.54409099391712
1,3.86415896392,0.53301708740495
1,3.87201294555,0.521926888283243
1,3.87986692718,0.51082586912085
1,3.88772090882,0.499719507825871
1,3.89557489045,0.488613284942542
1,3.90342887209,0.47751268094679
1,3.91128285372,0.466423173541854
1,3.91913683535,0.455350234955245
1,3.92699081699,0.444299329238427
1,3.93484479862,0.433275909570528
1,3.94269878026,0.422285415567409
1,3.95055276189,0.411333270597439
1,3.95840674352,0.40042487910527
1,3.96626072516,0.389565623944973
1,3.97411470679,0.378760863723804
1,3.98196868843,0.368015930157949
1,3.98982267006,0.357336125441541
1,3.99767665169,0.346726719630235
1,4.00553063333,0.336192948040642
1,4.01338461496,0.325740008666926
1,4.02123859659,0.315373059615779
1,4.02909257823,0.305097216561127
1,4.03694655986,0.294917550219729
1,4.0448005415,0.284839083848992
1,4.05265452313,0.274866790768196
1,4.06050850476,0.265005591904353
1,4.0683624864,0.255260353363935
1,4.07621646803,0.245635884031636
1,4.08407044967,0.236136933197393
1,4.0919244313,0.226768188212785
1,4.09977841293,0.217534272178029
1,4.10763239457,0.208439741660656
1,4.1154863762,0.199489084447029
1,4.12334035784,0.1906867173278
1,4.13119433947,0.182036983918406
1,4.1390483211,0.173544152515662
1,4.14690230274,0.16521241399153
1,4.15475628437,0.157045879725092
1,4.16261026601,0.149048579573751
1,4.17046424764,0.141224459884654
1,4.17831822927,0.133577381547328
1,4.18617221091,0.126111118088493
1,4.19402619254,0.118829353809967
1,4.20188017418,0.111735681970619
1,4.20973415581,0.104833603013236
1,4.21758813744,0.0981265228371944
1,4.22544211908,0.0916177511177881
1,4.23329610071,0.0853104996730321
1,4.24115008235,0.0792078808787645
1,4.24900406398,0.0733129061328072
1,4.25685804561,0.0676284843689688
1,4.26471202725,0.0621574206215951
1,4.27256600888,0.0569024146414041
1,4.28041999052,0.051866059563262
1,4.28827397215,0.0470508406265759
1,4.29612795378,0.0424591339489317
1,4.30398193542,0.038093205353569
1,4.31183591705,0.0339552092512944
1,4.31968989869,0.0300471875773604
1,4.32754388032,0.0263710687838576
1,4.33539786195,0.0229286668880958
1,4.34325184359,0.019721680577463
1,4.35110582522,0.0167516923711893
1,4.35895980686,0.0140201678394376
1,4.36681378849,0.0115284548801039
1,4.37466777012,0.0092777830536821
1,4.38252175176,0.00726926297652764
1,4.39037573339,0.00550388577281041
1,4.39822971503,0.00398252258543624
1,4.40608369666,0.00270592414617232
1,4.41393767829,0.00167472040519107
1,4.42179165993,0.000889420220214987
1,4.42964564156,0.000350411105416004
1,4.4374996232,5.79590401922903e-05
1,4.44535360483,1.22083379187621e-05
1,4.45320758646,0.000213181574733545
1,4.4610615681,0.00066077957839783
1,4.46891554973,0.0013547814772335
1,4.47676953137,0.00229484480911452
1,4.484623513,0.00348050569045755
1,4.49247749463,0.00491117904513133
1,4.50033147627,0.00658615889316644
1,4.5081854579,0.00850461869913016
1,4.51603943954,0.0106656117799864
1,4.52389342117,0.0130680717722481
1,4.5317474028,0.0157108131581833
1,4.53960138444,0.0185925318508205
1,4.54745536607,0.0217118058374653
1,4.55530934771,0.0250670958814037
1,4.56316332934,0.0286567462814569
1,4.57101731097,0.0324789856890002
1,4.57887129261,0.0365319279820561
1,4.58672527424,0.040813573196017
1,4.59457925588,0.0453218085105487
1,4.60243323751,0.0500544092921827
1,4.61028721914,0.0550090401920845
1,4.61814120078,0.0601832562984521
1,4.62599518241,0.0655745043429834
1,4.63384916404,0.0711801239608141
1,4.64170314568,0.0769973490032973
1,4.64955712731,0.0830233089029893
1,4.65741110895,0.0892550300901583
1,4.66526509058,0.0956894374601249
1,4.67311907221,0.102323355890697
1,4.68097305385,0.109153511808973
1,4.68882703548,0.116176534806712
1,4.69668101712,0.123388959303501
1,4.70453499875,0.130787226256875
1,4.71238898038,0.138367684918562
1,4.72024296202,0.14612659463599
1,4.72809694365,0.154060126698133
1,4.73595092529,0.162164366224844
1,4.74380490692,0.170435314098676
1,4.75165888855,0.178868888938299
1,4.75951287019,0.187460929112488
1,4.76736685182,0.196207194793728
1,4.77522083346,0.205103370050396
1,4.78307481509,0.2141450649765
1,4.79092879672,0.223327817857926
1,4.79878277836,0.232647097374104
1,4.80663675999,0.242098304834052
1,4.81449074163,0.251676776445623
1,4.82234472326,0.26137778561692
1,4.83019870489,0.271196545288665
1,4.83805268653,0.281128210296431
1,4.84590666816,0.291167879761527
1,4.8537606498,0.301310599509397
1,4.86161463143,0.311551364514295
1,4.86946861306,0.321885121369068
1,4.8773225947,0.332306770778819
1,4.88517657633,0.34281117007719
1,4.89303055797,0.353393135764074
1,4.9008845396,0.364047446063454
1,4.90873852123,0.374768843500154
1,4.91659250287,0.385552037494176
1,4.9244464845,0.396391706971402
1,4.93230046614,0.407282502989324
1,4.94015444777,0.418219051376538
1,4.9480084294,0.429195955384674
1,4.95586241104,0.440207798351485
1,4.96371639267,0.451249146373748
1,4.97157037431,0.462314550988672
1,4.97942435594,0.47339855186251
1,4.98727833757,0.484495679484997
1,4.99513231921,0.495600457868353
1,5.00298630084,0.506707407249445
1,5.01084028248,0.517811046793848
1,5.01869426411,0.528905897300403
1,5.02654824574,0.539986483904992
1,5.03440222738,0.551047338782159
1,5.04225620901,0.562083003843265
1,5.05011019065,0.573088033429838
1,5.05796417228,0.584056997000782
1,5.06581815391,0.594984481812138
1,5.07367213555,0.605865095588047
1,5.08152611718,0.616693469181635
1,5.08938009882,0.627464259224459
1,5.09723408045,0.638172150763254
1,5.10508806208,0.648811859882642
1,5.11294204372,0.659378136312542
1,5.12079602535,0.669865766018959
1,5.12865000699,0.680269573776908
1,5.13650398862,0.690584425724169
1,5.14435797025,0.700805231894659
1,5.15221195189,0.71092694873011
1,5.16006593352,0.720944581568878
1,5.16791991516,0.730853187110589
1,5.17577389679,0.74064787585548
1,5.18362787842,0.750323814517161
1,5.19148186006,0.75987622840765
1,5.19933584169,0.769300403793482
1,5.20718982333,0.778591690221763
1,5.21504380496,0.787745502814975
1,5.22289778659,0.79675732453342
1,5.23075176823,0.805622708404216
1,5.23860574986,0.814337279715685
1,5.24645973149,0.822896738176109
1,5.25431371313,0.831296860035739
1,5.26216769476,0.839533500171056
1,5.2700216764,0.847602594130223
1,5.27787565803,0.855500160138728
1,5.28572963966,0.863222301064221
1,5.2935836213,0.87076520633961
1,5.30143760293,0.878125153843409
1,5.30929158457,0.88529851173646
1,5.3171455662,0.892281740254102
1,5.32499954783,0.899071393452902
1,5.33285352947,0.905664120911092
1,5.3407075111,0.912056669381859
1,5.34856149274,0.918245884398704
1,5.35641547437,0.924228711832038
1,5.364269456,0.930002199396274
1,5.37212343764,0.935563498106659
1,5.37997741927,0.940909863685139
1,5.38783140091,0.946038657914549
1,5.39568538254,0.950947349940461
1,5.40353936417,0.955633517520068
1,5.41139334581,0.96009484821746
1,5.41924732744,0.964329140544718
1,5.42710130908,0.968334305048257
1,5.43495529071,0.972108365339896
1,5.44280927234,0.975649459072121
1,5.45066325398,0.978955838857076
1,5.45851723561,0.982025873128834
1,5.46637121725,0.98485804694851
1,5.47422519888,0.987450962751817
1,5.48207918051,0.989803341038712
1,5.48993316215,0.991914021004778
1,5.49778714378,0.993781961114034
1,5.50564112542,0.99540623961289
1,5.51349510705,0.996786054984996
1,5.52134908868,0.99792072634676
1,5.52920307032,0.998809693783335
1,5.53705705195,0.999452518624915
1,5.54491103359,0.999848883663201
1,5.55276501522,0.999998593307929
1,5.56061899685,0.999901573683389
1,5.56847297849,0.999557872664879
1,5.57632696012,0.998967659855077
1,5.58418094176,0.998131226500354
1,5.59203492339,0.997048985347051
1,5.59988890502,0.99572147043781
1,5.60774288666,0.994149336848039
1,5.61559686829,0.992333360362665
1,5.62345084993,0.990274437093312
1,5.63130483156,0.987973583036105
1,5.63915881319,0.98543193357032
1,5.64701279483,0.982650742898114
1,5.65486677646,0.979631383425636
1,5.6627207581,0.976375345085787
1,5.67057473973,0.972884234603011
1,5.67842872136,0.969159774700429
1,5.686282703,0.965203803249753
1,5.69413668463,0.961018272364366
1,5.70199066627,0.95660524743603
1,5.7098446479,0.951966906115707
1,5.71769862953,0.947105537238963
1,5.72555261117,0.942023539696528
1,5.7334065928,0.936723421250539
1,5.74126057444,0.931207797297056
1,5.74911455607,0.925479389575472
1,5.7569685377,0.91954102482544
1,5.76482251934,0.913395633391997
1,5.77267650097,0.907046247779549
1,5.78053048261,0.900496001155457
1,5.78838446424,0.89374812580394
1,5.79623844587,0.886805951531075
1,5.80409242751,0.879672904021672
1,5.81194640914,0.87235250314883
1,5.81980039078,0.864848361237031
1,5.82765437241,0.857164181279593
1,5.83550835404,0.849303755111396
1,5.84336233568,0.84127096153776
1,5.85121631731,0.833069764420415
1,5.85907029894,0.824704210721491
1,5.86692428058,0.816178428506503
1,5.87477826221,0.807496624907322
1,5.88263224385,0.798663084046112
1,5.89048622548,0.789682164921304
1,5.89834020711,0.780558299256591
1,5.90619418875,0.771295989314055
1,5.91404817038,0.761899805672484
1,5.92190215202,0.75237438497197
1,5.92975613365,0.742724427625913
1,5.93761011528,0.73295469550156
1,5.94546409692,0.723070009570213
1,5.95331807855,0.713075247528264
1,5.96117206019,0.702975341390261
1,5.96902604182,0.69277527505515
1,5.97688002345,0.682480081846915
1,5.98473400509,0.672094842030843
1,5.99258798672,0.661624680306616
1,6.00044196836,0.651074763279472
1,6.00829594999,0.640450296910695
1,6.01614993162,0.629756523948679
1,6.02400391326,0.618998721341853
1,6.03185789489,0.6081821976347
1,6.03971187653,0.597312290348217
1,6.04756585816,0.586394363346059
1,6.05541983979,0.575433804187688
1,6.06327382143,0.564436021469822
1,6.07112780306,0.553406442157514
1,6.0789817847,0.542350508906168
1,6.08683576633,0.531273677375797
1,6.09468974796,0.520181413538875
1,6.1025437296,0.509079190983107
1,6.11039771123,0.497972488210418
1,6.11825169287,0.486866785933551
1,6.1261056745,0.475767564371534
1,6.13395965613,0.464680300545432
1,6.14181363777,0.453610465575635
1,6.1496676194,0.442563521982103
1,6.15752160104,0.431544920988812
1,6.16537558267,0.420560099833798
1,6.1732295643,0.409614479086109
1,6.18108354594,0.398713459970955
1,6.18893752757,0.387862421704434
1,6.19679150921,0.377066718839091
1,6.20464549084,0.366331678621677
1,6.21249947247,0.355662598364347
1,6.22035345411,0.345064742830667
1,6.22820743574,0.334543341637655
1,6.23606141738,0.324103586675169
1,6.24391539901,0.313750629543934
1,6.25176938064,0.303489579013414
1,6.25962336228,0.293325498500857
1,6.26747734391,0.283263403572686
1,6.27533132555,0.273308259469528
1,6.28318530718,0.263464978656066
1/2,0,0
1/2,0.00785398163397,0.0001233668841774
1/2,0.0157079632679,0.000493429488239183
1/2,0.0235619449019,0.00111007367850942
1/2,0.0314159265359,0.00197310927130712
1/2,0.0392699081699,0.00308227009160218
1/2,0.0471238898038,0.00443721405510846
1/2,0.0549778714378,0.00603752327378846
1/2,0.0628318530718,0.00788270418473713
1/2,0.0706858347058,0.00997218770240504
1/2,0.0785398163397,0.0123053293941146
1/2,0.0863937979737,0.0148814096788136
1/2,0.0942477796077,0.0176996340490066
1/2,0.102101761242,0.0207591333157952
1/2,0.109955742876,0.0240589638769499
1/2,0.11780972451,0.0275981080079344
1/2,0.125663706144,0.0313754741757882
1/2,0.133517687778,0.0353898973757752
1/2,0.141371669412,0.0396401394906904
1/2,0.149225651046,0.044124889672717
1/2,0.157079632679,0.0488427647477143
1/2,0.164933614313,0.0537923096418125
1/2,0.172787595947,0.0589719978301825
1/2,0.180641577581,0.0643802318078421
1/2,0.188495559215,0.0700153435823545
1/2,0.196349540849,0.0758755951882659
1/2,0.204203522483,0.0819591792231233
1/2,0.212057504117,0.088264219404909
1/2,0.219911485751,0.0947887711507188
1/2,0.227765467385,0.101530822176504
1/2,0.235619449019,0.108488293117693
1/2,0.243473430653,0.115659038170509
1/2,0.251327412287,0.123040845753764
1/2,0.259181393921,0.130631439190956
1/2,0.267035375555,0.138428477412431
1/2,0.274889357189,0.146429555677411
1/2,0.282743338823,0.154632206315658
1/2,0.290597320457,0.163033899488543
1/2,0.298451302091,0.171632043969294
1/2,0.306305283725,0.180423987942177
1/2,0.314159265359,0.189407019820356
1/2,0.322013246993,0.198578369082198
1/2,0.329867228627,0.207935207125749
1/2,0.337721210261,0.217474648141119
1/2,0.345575191895,0.227193750000522
1/2,0.353429173529,0.237089515165675
1/2,0.361283155163,0.24715889161229
1/2,0.369137136797,0.257398773771372
1/2,0.376991118431,0.26780600348703
1/2,0.384845100065,0.278377370990508
1/2,0.392699081699,0.28910961589013
1/2,0.400553063333,0.29999942817686
1/2,0.408407044967,0.311043449245173
1/2,0.416261026601,0.322238272928897
1/2,0.424115008235,0.333580446551741
1/2,0.431968989869,0.345066471992156
1/2,0.439822971503,0.356692806762217
1/2,0.447676953137,0.368455865100185
1/2,0.455530934771,0.380352019076423
1/2,0.463384916404,0.392377599712304
1/2,0.471238898038,0.404528898111797
1/2,0.479092879672,0.416802166605346
1/2,0.486946861306,0.429193619905718
1/2,0.49480084294,0.441699436275453
1/2,0.502654824574,0.454315758705552
1/2,0.510508806208,0.467038696105046
1/2,0.518362787842,0.479864324501072
1/2,0.526216769476,0.4927886882491
1/2,0.53407075111,0.505807801252914
1/2,0.541924732744,0.518917648194
1/2,0.549778714378,0.532114185769935
1/2,0.557632696012,0.545393343941412
1/2,0.565486677646,0.558751027187511
1/2,0.57334065928,0.572183115768827
1/2,0.581194640914,0.58568546699807
1/2,0.589048622548,0.599253916517739
1/2,0.596902604182,0.612884279584482
1/2,0.604756585816,0.626572352359747
1/2,0.61261056745,0.64031391320631
1/2,0.620464549084,0.654104723990309
1/2,0.628318530718,0.667940531388351
1/2,0.636172512352,0.681817068199316
1/2,0.644026493986,0.695730054660428
1/2,0.65188047562,0.709675199767216
1/2,0.659734457254,0.723648202596924
1/2,0.667588438888,0.737644753635
1/2,0.675442420522,0.751660536104217
1/2,0.683296402156,0.765691227296043
1/2,0.69115038379,0.77973249990384
1/2,0.699004365424,0.793780023357479
1/2,0.706858347058,0.807829465158963
1/2,0.714712328692,0.821876492218643
1/2,0.722566310326,0.83591677219162
1/2,0.73042029196,0.849945974813908
1/2,0.738274273594,0.863959773237972
1/2,0.746128255228,0.877953845367193
1/2,0.753982236862,0.891923875188883
1/2,0.761836218496,0.905865554105414
1/2,0.769690200129,0.919774582263066
1/2,0.777544181763,0.933646669878174
1/2,0.785398163397,0.947477538560173
1/2,0.793252145031,0.961262922631126
1/2,0.801106126665,0.974998570441333
1/2,0.808960108299,0.988680245680613
1/2,0.816814089933,1.00230372868486
1/2,0.824668071567,1.01586481773743
1/2,0.832522053201,1.02935933036509
1/2,0.840376034835,1.04278310462789
1/2,0.848230016469,1.05613200040282
1/2,0.856083998103,1.06940190066067
1/2,0.863937979737,1.08258871273584
1/2,0.871791961371,1.09568836958852
1/2,0.879645943005,1.1086968310591
1/2,0.887499924639,1.12161008511416
1/2,0.895353906273,1.13442414908393
1/2,0.903207887907,1.14713507089052
1/2,0.911061869541,1.15973893026691
1/2,0.918915851175,1.17223183996594
1/2,0.926769832809,1.18460994695924
1/2,0.934623814443,1.1968694336256
1/2,0.942477796077,1.20900651892833
1/2,0.950331777711,1.22101745958143
1/2,0.958185759345,1.23289855120411
1/2,0.966039740979,1.24464612946321
1/2,0.973893722613,1.25625657120344
1/2,0.981747704247,1.26772629556472
1/2,0.989601685881,1.27905176508668
1/2,0.997455667515,1.29022948679959
1/2,1.00530964915,1.30125601330171
1/2,1.01316363078,1.31212794382248
1/2,1.02101761242,1.32284192527143
1/2,1.02887159405,1.33339465327229
1/2,1.03672557568,1.34378287318211
1/2,1.04457955732,1.35400338109511
1/2,1.05243353895,1.36405302483073
1/2,1.06028752059,1.37392870490589
1/2,1.06814150222,1.38362737549089
1/2,1.07599548385,1.3931460453488
1/2,1.08384946549,1.40248177875802
1/2,1.09170344712,1.41163169641769
1/2,1.09955742876,1.42059297633574
1/2,1.10741141039,1.4293628546992
1/2,1.11526539202,1.43793862672666
1/2,1.12311937366,1.44631764750243
1/2,1.13097335529,1.4544973327923
1/2,1.13882733693,1.46247515984054
1/2,1.14668131856,1.470248668148
1/2,1.15453530019,1.47781546023093
1/2,1.16238928183,1.48517320236041
1/2,1.17024326346,1.49231962528215
1/2,1.1780972451,1.49925252491633
1/2,1.18595122673,1.50596976303738
1/2,1.19380520836,1.51246926793345
1/2,1.20165919,1.51874903504539
1/2,1.20951317163,1.52480712758492
1/2,1.21736715327,1.53064167713206
1/2,1.2252211349,1.5362508842113
1/2,1.23307511653,1.54163301884664
1/2,1.24092909817,1.54678642109514
1/2,1.2487830798,1.55170950155885
1/2,1.25663706144,1.55640074187502
1/2,1.26449104307,1.56085869518441
1/2,1.2723450247,1.56508198657749
1/2,1.28019900634,1.5690693135185
1/2,1.28805298797,1.57281944624721
1/2,1.29590696961,1.57633122815812
1/2,1.30376095124,1.57960357615727
1/2,1.31161493287,1.58263548099621
1/2,1.31946891451,1.5854260075833
1/2,1.32732289614,1.58797429527212
1/2,1.33517687778,1.5902795581269
1/2,1.34303085941,1.59234108516489
1/2,1.35088484104,1.59415824057567
1/2,1.35873882268,1.59573046391724
1/2,1.36659280431,1.59705727028887
1/2,1.37444678595,1.59813825048063
1/2,1.38230076758,1.59897307109963
1/2,1.39015474921,1.59956147467282
1/2,1.39800873085,1.59990327972642
1/2,1.40586271248,1.59999838084185
1/2,1.41371669412,1.59984674868831
1/2,1.42157067575,1.59944843003176
1/2,1.42942465738,1.59880354772052
1/2,1.43727863902,1.5979123006474
1/2,1.44513262065,1.59677496368834
1/2,1.45298660229,1.59539188761762
1/2,1.46084058392,1.59376349899972
1/2,1.46869456555,1.5918903000577
1/2,1.47654854719,1.58977286851837
1/2,1.48440252882,1.58741185743404
1/2,1.49225651046,1.58480799498117
1/2,1.50011049209,1.58196208423575
1/2,1.50796447372,1.57887500292565
1/2,1.51581845536,1.57554770315985
1/2,1.52367243699,1.57198121113488
1/2,1.53152641863,1.56817662681826
1/2,1.53938040026,1.56413512360927
1/2,1.54723438189,1.55985794797705
1/2,1.55508836353,1.55534641907619
1/2,1.56294234516,1.55060192833983
1/2,1.57079632679,1.54562593905058
1/2,1.57865030843,1.54041998588918
1/2,1.58650429006,1.53498567446117
1/2,1.5943582717,1.52932468080173
1/2,1.60221225333,1.52343875085872
1/2,1.61006623496,1.51732969995426
1/2,1.6179202166,1.51099941222476
1/2,1.62577419823,1.50444984003992
1/2,1.63362817987,1.49768300340051
1/2,1.6414821615,1.49070098931542
1/2,1.64933614313,1.48350595115796
1/2,1.65719012477,1.47610010800172
1/2,1.6650441064,1.46848574393619
1/2,1.67289808804,1.46066520736229
1/2,1.68075206967,1.45264091026811
1/2,1.6886060513,1.44441532748495
1/2,1.69646003294,1.43599099592413
1/2,1.70431401457,1.42737051379447
1/2,1.71216799621,1.41855653980104
1/2,1.72002197784,1.4095517923251
1/2,1.72787595947,1.40035904858575
1/2,1.73572994111,1.39098114378337
1/2,1.74358392274,1.3814209702252
1/2,1.75143790438,1.3716814764333
1/2,1.75929188601,1.36176566623518
1/2,1.76714586764,1.35167659783735
1/2,1.77499984928,1.34141738288215
1/2,1.78285383091,1.33099118548804
1/2,1.79070781255,1.32040122127373
1/2,1.79856179418,1.30965075636644
1/2,1.80641577581,1.29874310639458
1/2,1.81426975745,1.28768163546511
1/2,1.82212373908,1.27646975512604
1/2,1.82997772072,1.26511092331424
1/2,1.83783170235,1.25360864328893
1/2,1.84568568398,1.24196646255122
1/2,1.85353966562,1.23018797175002
1/2,1.86139364725,1.2182768035746
1/2,1.86924762889,1.20623663163424
1/2,1.87710161052,1.19407116932516
1/2,1.88495559215,1.18178416868533
1/2,1.89280957379,1.1693794192372
1/2,1.90066355542,1.15686074681899
1/2,1.90851753706,1.14423201240473
1/2,1.91637151869,1.13149711091346
1/2,1.92422550032,1.11865997000797
1/2,1.93207948196,1.10572454888346
1/2,1.93993346359,1.09269483704641
1/2,1.94778744523,1.07957485308421
1/2,1.95564142686,1.06636864342571
1/2,1.96349540849,1.05308028109325
1/2,1.97134939013,1.03971386444649
1/2,1.97920337176,1.02627351591834
1/2,1.9870573534,1.01276338074362
1/2,1.99491133503,0.999187625680526
1/2,2.00276531666,0.985550437725564
1/2,2.0106192983,0.971856022822202
1/2,2.01847327993,0.958108604563683
1/2,2.02632726157,0.944312422890398
1/2,2.0341812432,0.930471732782213
1/2,2.04203522483,0.916590802946161
1/2,2.04988920647,0.902673914499901
1/2,2.0577431881,0.888725359651346
1/2,2.06559716974,0.87474944037487
1/2,2.07345115137,0.860750467084514
1/2,2.081305133,0.846732757304565
1/2,2.08915911464,0.832700634337973
1/2,2.09701309627,0.818658425932957
1/2,2.10486707791,0.804610462948265
1/2,2.11272105954,0.790561078017451
1/2,2.12057504117,0.776514604212625
1/2,2.12842902281,0.762475373708053
1/2,2.13628300444,0.748447716444045
1/2,2.14413698608,0.734435958791524
1/2,2.15199096771,0.720444422217697
1/2,2.15984494934,0.706477421953246
1/2,2.16769893098,0.692539265661429
1/2,2.17555291261,0.67863425210953
1/2,2.18340689424,0.664766669843037
1/2,2.19126087588,0.650940795862991
1/2,2.19911485751,0.637160894306876
1/2,2.20696883915,0.62343121513349
1/2,2.21482282078,0.609755992812183
1/2,2.22267680241,0.596139445016877
1/2,2.23053078405,0.582585771325258
1/2,2.23838476568,0.569099151923558
1/2,2.24623874732,0.555683746317311
1/2,2.25409272895,0.54234369204849
1/2,2.26194671058,0.529083103419421
1/2,2.26980069222,0.515906070223858
1/2,2.27765467385,0.502816656485619
1/2,2.28550865549,0.489818899205179
1/2,2.29336263712,0.476916807114577
1/2,2.30121661875,0.464114359441066
1/2,2.30907060039,0.451415504679843
1/2,2.31692458202,0.438824159376272
1/2,2.32477856366,0.426344206917946
1/2,2.33263254529,0.413979496336987
1/2,2.34048652692,0.401733841122943
1/2,2.34834050856,0.389611018046633
1/2,2.35619449019,0.377614765995335
1/2,2.36404847183,0.36574878481964
1/2,2.37190245346,0.354016734192363
1/2,2.37975643509,0.342422232479831
1/2,2.38761041673,0.330968855625919
1/2,2.39546439836,0.319660136049164
1/2,2.40331838,0.308499561553315
1/2,2.41117236163,0.297490574251623
1/2,2.41902634326,0.286636569505243
1/2,2.4268803249,0.275940894876038
1/2,2.43473430653,0.265406849094144
1/2,2.44258828817,0.255037681040574
1/2,2.4504422698,0.244836588745215
1/2,2.45829625143,0.234806718400495
1/2,2.46615023307,0.224951163391047
1/2,2.4740042147,0.215272963339655
1/2,2.48185819634,0.20577510316978
1/2,2.48971217797,0.196460512184962
1/2,2.4975661596,0.187332063165369
1/2,2.50542014124,0.178392571481781
1/2,2.51327412287,0.169644794227289
1/2,2.52112810451,0.161091429366949
1/2,2.52898208614,0.152735114905693
1/2,2.53683606777,0.144578428074715
1/2,2.54469004941,0.136623884536615
1/2,2.55254403104,0.128873937609521
1/2,2.56039801268,0.121330977510445
1/2,2.56825199431,0.113997330618099
1/2,2.57610597594,0.106875258755402
1/2,2.58395995758,0.0999669584918877
1/2,2.59181393921,0.0932745604662546
1/2,2.59966792085,0.0868001287292309
1/2,2.60752190248,0.0805456601069932
1/2,2.61537588411,0.0745130835853075
1/2,2.62322986575,0.0687042597145949
1/2,2.63108384738,0.063120980036111
1/2,2.63893782902,0.0577649665293979
1/2,2.64679181065,0.0526378710812019
1/2,2.65464579228,0.0477412749759973
1/2,2.66249977392,0.0430766884082971
1/2,2.67035375555,0.038645550016877
1/2,2.67820773719,0.03444922644108
1/2,2.68606171882,0.0304890118993161
1/2,2.69391570045,0.0267661277899081
1/2,2.70176968209,0.0232817223143877
1/2,2.70962366372,0.0200368701233712
1/2,2.71747764536,0.0170325719851203
1/2,2.72533162699,0.0142697544768855
1/2,2.73318560862,0.0117492696991362
1/2,2.74103959026,0.00947189501275609
1/2,2.74889357189,0.00743833279929333
1/2,2.75674755353,0.00564921024433298
1/2,2.76460153516,0.00410507914406262
1/2,2.77245551679,0.00280641573508875
1/2,2.78030949843,0.00175362054755714
1/2,2.78816348006,0.000947018281623002
1/2,2.79601746169,0.00038685770730682
1/2,2.80387144333,7.33115877705082e-05
1/2,2.81172542496,6.47662603343591e-06
1/2,2.8195794066,0.000186373435148202
1/2,2.82743338823,0.000612946531842784
1/2,2.83528736986,0.00128606435363263
1/2,2.8431413515,0.00220551929939674
1/2,2.85099533313,0.00337102779340572
1/2,2.85884931477,0.004782230372781
1/2,2.8667032964,0.00643869179835992
1/2,2.87455727803,0.00833990118892993
1/2,2.88241125967,0.0104852721787949
1/2,2.8902652413,0.0128741430986182
1/2,2.89811922294,0.0155057771794952
1/2,2.90597320457,0.0183793627801832
1/2,2.9138271862,0.0214940136374278
1/2,2.92168116784,0.0248487691392996
1/2,2.92953514947,0.0284425946214655
1/2,2.93738913111,0.0322743816862952
1/2,2.94524311274,0.0363429485447108
1/2,2.95309709437,0.040647040380672
1/2,2.96095107601,0.0451853297381808
1/2,2.96880505764,0.0499564169306937
1/2,2.97665903928,0.0549588304728077
1/2,2.98451302091,0.0601910275340927
1/2,2.99236700254,0.0656513944149268
1/2,3.00022098418,0.0713382470441882
1/2,3.00807496581,0.0772498314986534
1/2,3.01592894745,0.083384324543935
1/2,3.02378292908,0.0897398341968013
1/2,3.03163691071,0.0963144003086928
1/2,3.03949089235,0.103105995170271
1/2,3.04734487398,0.110112524136794
1/2,3.05519885562,0.117331826274141
1/2,3.06305283725,0.124761675025289
1/2,3.07090681888,0.132399778897009
1/2,3.07876080052,0.140243782166613
1/2,3.08661478215,0.148291265608494
1/2,3.09446876379,0.156539747240257
1/2,3.10232274542,0.164986683088208
1/2,3.11017672705,0.173629467971956
1/2,3.11803070869,0.182465436307895
1/2,3.12588469032,0.191491862931321
1/2,3.13373867196,0.200705963936914
1/2,3.14159265359,0.210104897537344
1/2,3.14944663522,0.21968576493973
1/2,3.15730061686,0.229445611239675
1/2,3.16515459849,0.239381426332606
1/2,3.17300858013,0.249490145842152
1/2,3.18086256176,0.259768652065237
1/2,3.18871654339,0.270213774933649
1/2,3.19657052503,0.280822292991725
1/2,3.20442450666,0.291590934389922
1/2,3.2122784883,0.302516377893897
1/2,3.22013246993,0.313595253908845
1/2,3.22798645156,0.324824145518728
1/2,3.2358404332,0.33619958954012
1/2,3.24369441483,0.347718077590309
1/2,3.25154839647,0.359376057169342
1/2,3.2594023781,0.371169932755678
1/2,3.26725635973,0.383096066915106
1/2,3.27511034137,0.3951507814226
1/2,3.282964323,0.407330358396737
1/2,3.29081830464,0.419631041446364
1/2,3.29867228627,0.432049036829126
1/2,3.3065262679,0.444580514621531
1/2,3.31438024954,0.457221609900152
1/2,3.32223423117,0.469968423933649
1/2,3.33008821281,0.482817025385194
1/2,3.33794219444,0.49576345152497
1/2,3.34579617607,0.508803709452342
1/2,3.35365015771,0.521933777327336
1/2,3.36150413934,0.535149605611045
1/2,3.36935812098,0.548447118314576
1/2,3.37721210261,0.561822214256156
1/2,3.38506608424,0.575270768326005
1/2,3.39292006588,0.588788632758591
1/2,3.40077404751,0.602371638411877
1/2,3.40862802914,0.616015596053146
1/2,3.41648201078,0.629716297651048
1/2,3.42433599241,0.643469517673411
1/2,3.43218997405,0.657271014390483
1/2,3.44004395568,0.671116531183146
1/2,3.44789793731,0.685001797855734
1/2,3.45575191895,0.698922531953033
1/2,3.46360590058,0.712874440081066
1/2,3.47145988222,0.726853219231248
1/2,3.47931386385,0.740854558107506
1/2,3.48716784548,0.754874138455964
1/2,3.49502182712,0.768907636396758
1/2,3.50287580875,0.782950723757602
1/2,3.51072979039,0.796999069408662
1/2,3.51858377202,0.811048340598367
1/2,3.52643775365,0.825094204289682
1/2,3.53429173529,0.839132328496513
1/2,3.54214571692,0.853158383619751
1/2,3.54999969856,0.8671680437826
1/2,3.55785368019,0.881156988164756
1/2,3.56570766182,0.895120902335013
1/2,3.57356164346,0.909055479581918
1/2,3.58141562509,0.922956422242025
1/2,3.58926960673,0.936819443025382
1/2,3.59712358836,0.950640266337783
1/2,3.60497756999,0.964414629599461
1/2,3.61283155163,0.978138284559722
1/2,3.62068553326,0.991806998607185
1/2,3.6285395149,1.0054165560752
1/2,3.63639349653,1.018962759542
1/2,3.64424747816,1.03244143112532
1/2,3.6521014598,1.04584841377086
1/2,3.65995544143,1.05917957253443
1/2,3.66780942307,1.07243079585723
1/2,3.6756634047,1.08559799683394
1/2,3.68351738633,1.09867711447316
1/2,3.69137136797,1.11166411494991
1/2,3.6992253496,1.12455499284973
1/2,3.70707933124,1.13734577240401
1/2,3.71493331287,1.15003250871622
1/2,3.7227872945,1.16261128897853
1/2,3.73064127614,1.17507823367862
1/2,3.73849525777,1.18742949779617
1/2,3.74634923941,1.19966127198877
1/2,3.75420322104,1.21176978376675
1/2,3.76205720267,1.22375129865666
1/2,3.76991118431,1.23560212135313
1/2,3.77776516594,1.24731859685846
1/2,3.78561914758,1.25889711160998
1/2,3.79347312921,1.27033409459444
1/2,3.80132711084,1.28162601844948
1/2,3.80918109248,1.29276940055143
1/2,3.81703507411,1.30376080408947
1/2,3.82488905575,1.31459683912558
1/2,3.83274303738,1.32527416364007
1/2,3.84059701901,1.33578948456229
1/2,3.84845100065,1.34613955878629
1/2,3.85630498228,1.35632119417106
1/2,3.86415896392,1.36633125052502
1/2,3.87201294555,1.3761666405745
1/2,3.87986692718,1.38582433091594
1/2,3.88772090882,1.39530134295143
1/2,3.89557489045,1.40459475380736
1/2,3.90342887209,1.41370169723587
1/2,3.91128285372,1.42261936449887
1/2,3.91913683535,1.4313450052343
1/2,3.92699081699,1.4398759283044
1/2,3.93484479862,1.44820950262565
1/2,3.94269878026,1.45634315798033
1/2,3.95055276189,1.46427438580912
1/2,3.95840674352,1.47200073998488
1/2,3.96626072516,1.47951983756699
1/2,3.97411470679,1.48682935953636
1/2,3.98196868843,1.49392705151061
1/2,3.98982267006,1.50081072443939
1/2,3.99767665169,1.50747825527948
1/2,4.00553063333,1.51392758764963
1/2,4.01338461496,1.52015673246474
1/2,4.02123859659,1.52616376854934
1/2,4.02909257823,1.53194684323012
1/2,4.03694655986,1.53750417290731
1/2,4.0448005415,1.54283404360481
1/2,4.05265452313,1.54793481149876
1/2,4.06050850476,1.55280490342455
1/2,4.0683624864,1.55744281736202
1/2,4.07621646803,1.56184712289869
1/2,4.08407044967,1.56601646167092
1/2,4.0919244313,1.5699495477829
1/2,4.09977841293,1.57364516820317
1/2,4.10763239457,1.57710218313878
1/2,4.1154863762,1.58031952638685
1/2,4.12334035784,1.58329620566333
1/2,4.13119433947,1.58603130290911
1/2,4.1390483211,1.58852397457312
1/2,4.14690230274,1.59077345187253
1/2,4.15475628437,1.59277904102982
1/2,4.16261026601,1.59454012348678
1/2,4.17046424764,1.59605615609527
1/2,4.17831822927,1.59732667128474
1/2,4.18617221091,1.59835127720643
1/2,4.19402619254,1.59912965785426
1/2,4.20188017418,1.59966157316223
1/2,4.20973415581,1.59994685907851
1/2,4.21758813744,1.599985427616
1/2,4.22544211908,1.59977726687952
1/2,4.23329610071,1.59932244106941
1/2,4.24115008235,1.59862109046178
1/2,4.24900406398,1.59767343136522
1/2,4.25685804561,1.59647975605412
1/2,4.26471202725,1.59504043267849
1/2,4.27256600888,1.59335590515042
1/2,4.28041999052,1.59142669300719
1/2,4.28827397215,1.58925339125103
1/2,4.29612795378,1.58683667016562
1/2,4.30398193542,1.58417727510931
1/2,4.31183591705,1.58127602628532
1/2,4.31968989869,1.57813381848872
1/2,4.32754388032,1.57475162083047
1/2,4.33539786195,1.57113047643854
1/2,4.34325184359,1.56727150213617
1/2,4.35110582522,1.56317588809747
1/2,4.35895980686,1.55884489748028
1/2,4.36681378849,1.55427986603664
1/2,4.37466777012,1.54948220170084
1/2,4.38252175176,1.5444533841551
1/2,4.39037573339,1.53919496437332
1/2,4.39822971503,1.53370856414266
1/2,4.40608369666,1.52799587556336
1/2,4.41393767829,1.52205866052691
1/2,4.42179165993,1.5158987501726
1/2,4.42964564156,1.5095180443228
1/2,4.4374996232,1.50291851089702
1/2,4.44535360483,1.49610218530493
1/2,4.45320758646,1.48907116981867
1/2,4.4610615681,1.48182763292442
1/2,4.46891554973,1.47437380865361
1/2,4.47676953137,1.46671199589395
1/2,4.484623513,1.45884455768034
1/2,4.49247749463,1.45077392046614
1/2,4.50033147627,1.44250257337476
1/2,4.5081854579,1.43403306743199
1/2,4.51603943954,1.42536801477924
1/2,4.52389342117,1.41651008786787
1/2,4.5317474028,1.40746201863499
1/2,4.53960138444,1.39822659766087
1/2,4.54745536607,1.38880667330829
1/2,4.55530934771,1.37920515084403
1/2,4.56316332934,1.36942499154288
1/2,4.57101731097,1.35946921177428
1/2,4.57887129261,1.34934088207206
1/2,4.58672527424,1.3390431261874
1/2,4.59457925588,1.32857912012546
1/2,4.60243323751,1.31795209116579
1/2,4.61028721914,1.30716531686701
1/2,4.61814120078,1.29622212405598
1/2,4.62599518241,1.28512588780168
1/2,4.63384916404,1.27388003037436
1/2,4.64170314568,1.26248802018998
1/2,4.64955712731,1.25095337074055
1/2,4.65741110895,1.23927963951048
1/2,4.66526509058,1.22747042687938
1/2,4.67311907221,1.21552937501169
1/2,4.68097305385,1.20346016673329
1/2,4.68882703548,1.19126652439574
1/2,4.69668101712,1.1789522087282
1/2,4.70453499875,1.16652101767755
1/2,4.71238898038,1.15397678523706
1/2,4.72024296202,1.14132338026391
1/2,4.72809694365,1.12856470528595
1/2,4.73595092529,1.11570469529814
1/2,4.74380490692,1.10274731654889
1/2,4.75165888855,1.08969656531679
1/2,4.75951287019,1.07655646667815
1/2,4.76736685182,1.06333107326552
1/2,4.77522083346,1.05002446401785
1/2,4.78307481509,1.03664074292245
1/2,4.79092879672,1.02318403774923
1/2,4.79878277836,1.00965849877768
1/2,4.80663675999,0.996068297516792
1/2,4.81449074163,0.982417625418527
1/2,4.82234472326,0.968710692585092
1/2,4.83019870489,0.95495172647048
1/2,4.83805268653,0.941144970576636
1/2,4.84590666816,0.9272946831447
1/2,4.8537606498,0.913405135841681
1/2,4.86161463143,0.899480612443018
1/2,4.86946861306,0.885525407511373
1/2,4.8773225947,0.87154382507212
1/2,4.88517657633,0.857540177285913
1/2,4.89303055797,0.84351878311874
1/2,4.9008845396,0.829483967009877
1/2,4.90873852123,0.815440057538153
1/2,4.91659250287,0.801391386086956
1/2,4.9244464845,0.787342285508343
1/2,4.93230046614,0.773297088786725
1/2,4.94015444777,0.759260127702492
1/2,4.9480084294,0.745235731496028
1/2,4.95586241104,0.731228225532489
1/2,4.96371639267,0.717241929967787
1/2,4.97157037431,0.703281158416187
1/2,4.97942435594,0.689350216619905
1/2,4.98727833757,0.67545340112115
1/2,4.99513231921,0.661594997936991
1/2,5.00298630084,0.647779281237479
1/2,5.01084028248,0.63401051202742
1/2,5.01869426411,0.620292936832205
1/2,5.02654824574,0.606630786388109
1/2,5.03440222738,0.593028274337458
1/2,5.04225620901,0.57948959592908
1/2,5.05011019065,0.566018926724398
1/2,5.05796417228,0.552620421309634
1/2,5.06581815391,0.539298212014447
1/2,5.07367213555,0.526056407637471
1/2,5.08152611718,0.512899092179069
1/2,5.08938009882,0.499830323581774
1/2,5.09723408045,0.486854132478737
1/2,5.10508806208,0.473974520950626
1/2,5.11294204372,0.461195461291295
1/2,5.12079602535,0.44852089478268
1/2,5.12865000699,0.435954730479221
1/2,5.13650398862,0.423500844002266
1/2,5.14435797025,0.411163076344739
1/2,5.15221195189,0.398945232686523
1/2,5.16006593352,0.386851081220873
1/2,5.16791991516,0.374884351992254
1/2,5.17577389679,0.363048735745909
1/2,5.18362787842,0.351347882789586
1/2,5.19148186006,0.339785401867709
1/2,5.19933584169,0.328364859048396
1/2,5.20718982333,0.317089776623603
1/2,5.21504380496,0.305963632022794
1/2,5.22289778659,0.294989856740459
1/2,5.23075176823,0.284171835277753
1/2,5.23860574986,0.273512904098678
1/2,5.24645973149,0.263016350601053
1/2,5.25431371313,0.252685412102633
1/2,5.26216769476,0.242523274842646
1/2,5.2700216764,0.23253307299912
1/2,5.27787565803,0.222717887722235
1/2,5.28572963966,0.213080746184061
1/2,5.2935836213,0.203624620644905
1/2,5.30143760293,0.194352427536624
1/2,5.30929158457,0.185267026563155
1/2,5.3171455662,0.176371219818522
1/2,5.32499954783,0.167667750922625
1/2,5.33285352947,0.15915930417506
1/2,5.3407075111,0.150848503727241
1/2,5.34856149274,0.142737912773058
1/2,5.35641547437,0.134830032758348
1/2,5.364269456,0.127127302609403
1/2,5.37212343764,0.119632097980773
1/2,5.37997741927,0.112346730522559
1/2,5.38783140091,0.105273447167468
1/2,5.39568538254,0.0984144294378237
1/2,5.40353936417,0.0917717927727399
1/2,5.41139334581,0.0853475858756866
1/2,5.41924732744,0.0791437900826328
1/2,5.42710130908,0.0731623187509732
1/2,5.43495529071,0.0674050166694102
1/2,5.44280927234,0.0618736594889902
1/2,5.45066325398,0.0565699531754655
1/2,5.45851723561,0.0514955334831422
1/2,5.46637121725,0.046651965450387
1/2,5.47422519888,0.0420407429169396
1/2,5.48207918051,0.0376632880631925
1/2,5.48993316215,0.0335209509715591
1/2,5.49778714378,0.0296150092100908
1/2,5.50564112542,0.0259466674384487
1/2,5.51349510705,0.0225170570363702
1/2,5.52134908868,0.0193272357547277
1/2,5.52920307032,0.0163781873893028
1/2,5.53705705195,0.013670821477366
1/2,5.54491103359,0.0112059730171596
1/2,5.55276501522,0.00898440221036942
1/2,5.56061899685,0.00700679422766655
1/2,5.56847297849,0.00527375899738898
1/2,5.57632696012,0.00378583101742764
1/2,5.58418094176,0.00254346919037909
1/2,5.59203492339,0.00154705668201292
1/2,5.59988890502,0.000796900803095291
1/2,5.60774288666,0.000293232914609654
1/2,5.61559686829,3.62083564010796e-05
1/2,5.62345084993,2.59063992670505e-05
1/2,5.63130483156,0.000262330220508389
1/2,5.63915881319,0.000745406902949597
1/2,5.64701279483,0.00147498745742807
1/2,5.65486677646,0.00245084686874399
1/2,5.6627207581,0.00367268416506015
1/2,5.67057473973,0.00514012251072629
1/2,5.67842872136,0.00685270932250086
1/2,5.686282703,0.00880991640913686
1/2,5.69413668463,0.0110111401342843
1/2,5.70199066627,0.0134557016026632
1/2,5.7098446479,0.0161428468694433
1/2,5.71769862953,0.0190717471727781
1/2,5.72555261117,0.0222414991894065
1/2,5.7334065928,0.025651125313254
1/2,5.74126057444,0.0292995739569416
1/2,5.74911455607,0.0331857198761169
1/2,5.7569685377,0.0373083645164966
1/2,5.76482251934,0.0416662363835211
1/2,5.77267650097,0.0462579914345044
1/2,5.78053048261,0.0510822134931634
1/2,5.78838446424,0.0561374146863893
1/2,5.79623844587,0.0614220359031305
1/2,5.80409242751,0.0669344472752527
1/2,5.81194640914,0.0726729486802191
1/2,5.81980039078,0.0786357702654342
1/2,5.82765437241,0.0848210729940964
1/2,5.83550835404,0.0912269492123936
1/2,5.84336233568,0.097851423237853
1/2,5.85121631731,0.104692451968675
1/2,5.85907029894,0.111747925513859
1/2,5.86692428058,0.119015667843939
1/2,5.87477826221,0.126493437462099
1/2,5.88263224385,0.134178928095491
1/2,5.89048622548,0.142069769406535
1/2,5.89834020711,0.150163527723964
1/2,5.90619418875,0.158457706793418
1/2,5.91404817038,0.166949748547324
1/2,5.92190215202,0.175637033893853
1/2,5.92975613365,0.184516883524693
1/2,5.93761011528,0.193586558741391
1/2,5.94546409692,0.202843262300018
1/2,5.95331807855,0.212284139273884
1/2,5.96117206019,0.221906277934048
1/2,5.96902604182,0.231706710647346
1/2,5.97688002345,0.241682414791661
1/2,5.98473400509,0.251830313688147
1/2,5.99258798672,0.262147277550135
1/2,6.00044196836,0.272630124448409
1/2,6.00829594999,0.283275621292575
1/2,6.01614993162,0.294080484828188
1/2,6.02400391326,0.30504138264938
1/2,6.03185789489,0.316154934226619
1/2,6.03971187653,0.327417711949333
1/2,6.04756585816,0.338826242183032
1/2,6.05541983979,0.350377006340645
1/2,6.06327382143,0.362066441967713
1/2,6.07112780306,0.373890943841112
1/2,6.0789817847,0.385846865080955
1/2,6.08683576633,0.397930518275365
1/2,6.09468974796,0.410138176617735
1/2,6.1025437296,0.422466075056129
1/2,6.11039771123,0.434910411454503
1/2,6.11825169287,0.447467347765336
1/2,6.1261056745,0.460133011213365
1/2,6.13395965613,0.472903495489996
1/2,6.14181363777,0.485774861958092
1/2,6.1496676194,0.498743140866716
1/2,6.15752160104,0.51180433257546
1/2,6.16537558267,0.524954408788014
1/2,6.1732295643,0.538189313794552
1/2,6.18108354594,0.551504965722596
1/2,6.18893752757,0.56489725779592
1/2,6.19679150921,0.578362059601163
1/2,6.20464549084,0.59189521836171
1/2,6.21249947247,0.605492560218492
1/2,6.22035345411,0.619149891517263
1/2,6.22820743574,0.632863000101998
1/2,6.23606141738,0.646627656614005
1/2,6.24391539901,0.660439615796316
1/2,6.25176938064,0.674294617803015
1/2,6.25962336228,0.688188389513026
1/2,6.26747734391,0.70211664584804
1/2,6.27533132555,0.716075091094089
1/2,6.28318530718,0.730059420226432
1/4,0,0
1/4,0.00785398163397,0.000123367359798637
1/4,0.0157079632679,0.0004934370977455
1/4,0.0235619449019,0.00111011219797168
1/4,0.0314159265359,0.00197323099562187
1/4,0.0392699081699,0.00308256721923574
1/4,0.0471238898038,0.004437830050066
1/4,0.0549778714378,0.00603866419831841
1/4,0.0628318530718,0.00788464999629317
1/4,0.0706858347058,0.00997530350840252
1/4,0.0785398163397,0.012310076658038
1/4,0.0863937979737,0.0148883573712514
1/4,0.0942477796077,0.0177094697372133
1/4,0.102101761242,0.0207726741854069
1/4,0.109955742876,0.0240771676795112
1/4,0.11780972451,0.0276220839279206
1/4,0.125663706144,0.0314064936108489
1/4,0.133517687778,0.0354294046239553
1/4,0.141371669412,0.03968976233843
1/4,0.149225651046,0.0441864498774718
1/4,0.157079632679,0.0489182884090829
1/4,0.164933614313,0.0538840374551066
1/4,0.172787595947,0.0590823952164257
1/4,0.180641577581,0.0645119989142368
1/4,0.188495559215,0.0701714251473098
1/4,0.196349540849,0.0760591902651408
1/4,0.204203522483,0.0821737507568999
1/4,0.212057504117,0.0885135036560705
1/4,0.219911485751,0.0950767869606767
1/4,0.227765467385,0.101861880068986
1/4,0.235619449019,0.108867004230575
1/4,0.243473430653,0.116090323012639
1/4,0.251327412287,0.123529942781423
1/4,0.259181393921,0.131183913198648
1/4,0.267035375555,0.139050227732804
1/4,0.274889357189,0.147126824185174
1/4,0.282743338823,0.155411585230448
1/4,0.290597320457,0.163902338971797
1/4,0.298451302091,0.172596859510242
1/4,0.306305283725,0.181492867528192
1/4,0.314159265359,0.190588030886974
1/4,0.322013246993,0.199879965238221
1/4,0.329867228627,0.209366234648942
1/4,0.337721210261,0.21904435224011
1/4,0.345575191895,0.228911780838619
1/4,0.353429173529,0.238965933642415
1/4,0.361283155163,0.249204174898637
1/4,0.369137136797,0.259623820594603
1/4,0.376991118431,0.270222139161429
1/4,0.384845100065,0.280996352190135
1/4,0.392699081699,0.291943635160012
1/4,0.400553063333,0.303061118179092
1/4,0.408407044967,0.314345886736503
1/4,0.416261026601,0.325794982466528
1/4,0.424115008235,0.337405403924151
1/4,0.431968989869,0.349174107371912
1/4,0.439822971503,0.361098007577829
1/4,0.447676953137,0.373173978624219
1/4,0.455530934771,0.385398854727169
1/4,0.463384916404,0.397769431066464
1/4,0.471238898038,0.410282464625753
1/4,0.479092879672,0.42293467504272
1/4,0.486946861306,0.435722745469052
1/4,0.49480084294,0.448643323439966
1/4,0.502654824574,0.461693021753081
1/4,0.510508806208,0.47486841935639
1/4,0.518362787842,0.488166062245108
1/4,0.526216769476,0.501582464367157
1/4,0.53407075111,0.51511410853706
1/4,0.541924732744,0.528757447357983
1/4,0.549778714378,0.542508904151713
1/4,0.557632696012,0.556364873896299
1/4,0.565486677646,0.57032172417113
1/4,0.57334065928,0.584375796109197
1/4,0.581194640914,0.598523405356282
1/4,0.589048622548,0.612760843036834
1/4,0.596902604182,0.627084376726271
1/4,0.604756585816,0.64149025142946
1/4,0.61261056745,0.655974690565104
1/4,0.620464549084,0.670533896955797
1/4,0.628318530718,0.685164053823475
1/4,0.636172512352,0.699861325790009
1/4,0.644026493986,0.714621859882666
1/4,0.65188047562,0.729441786544191
1/4,0.659734457254,0.744317220647231
1/4,0.667588438888,0.759244262512844
1/4,0.675442420522,0.774218998932825
1/4,0.683296402156,0.789237504195568
1/4,0.69115038379,0.804295841115223
1/4,0.699004365424,0.819390062063841
1/4,0.706858347058,0.834516210006278
1/4,0.714712328692,0.849670319537545
1/4,0.722566310326,0.864848417922365
1/4,0.73042029196,0.880046526136648
1/4,0.738274273594,0.895260659910617
1/4,0.746128255228,0.9104868307733
1/4,0.753982236862,0.925721047098137
1/4,0.761836218496,0.940959315149405
1/4,0.769690200129,0.956197640129195
1/4,0.777544181763,0.971432027224677
1/4,0.785398163397,0.986658482655358
1/4,0.793252145031,1.00187301472008
1/4,0.801106126665,1.01707163484345
1/4,0.808960108299,1.03225035862149
1/4,0.816814089933,1.04740520686618
1/4,0.824668071567,1.06253220664856
1/4,0.832522053201,1.07762739234033
1/4,0.840376034835,1.09268680665345
1/4,0.848230016469,1.10770650167751
1/4,0.856083998103,1.12268253991477
1/4,0.863937979737,1.13761099531233
1/4,0.871791961371,1.15248795429143
1/4,0.879645943005,1.16730951677338
1/4,0.887499924639,1.18207179720197
1/4,0.895353906273,1.19677092556214
1/4,0.903207887907,1.2114030483945
1/4,0.911061869541,1.22596432980552
1/4,0.918915851175,1.24045095247317
1/4,0.926769832809,1.25485911864761
1/4,0.934623814443,1.26918505114683
1/4,0.942477796077,1.28342499434682
1/4,0.950331777711,1.29757521516618
1/4,0.958185759345,1.31163200404471
1/4,0.966039740979,1.32559167591594
1/4,0.973893722613,1.33945057117314
1/4,0.981747704247,1.35320505662879
1/4,0.989601685881,1.36685152646694
1/4,0.997455667515,1.38038640318857
1/4,1.00530964915,1.39380613854941
1/4,1.01316363078,1.40710721449015
1/4,1.02101761242,1.42028614405873
1/4,1.02887159405,1.43333947232444
1/4,1.03672557568,1.44626377728366
1/4,1.04457955732,1.45905567075694
1/4,1.05243353895,1.47171179927729
1/4,1.06028752059,1.48422884496923
1/4,1.06814150222,1.49660352641864
1/4,1.07599548385,1.50883259953299
1/4,1.08384946549,1.52091285839181
1/4,1.09170344712,1.53284113608709
1/4,1.09955742876,1.54461430555358
1/4,1.10741141039,1.5562292803885
1/4,1.11526539202,1.5676830156607
1/4,1.12311937366,1.57897250870888
1/4,1.13097335529,1.59009479992877
1/4,1.13882733693,1.601046973549
1/4,1.14668131856,1.61182615839549
1/4,1.15453530019,1.62242952864415
1/4,1.16238928183,1.63285430456166
1/4,1.17024326346,1.64309775323422
1/4,1.1780972451,1.65315718928401
1/4,1.18595122673,1.66302997557312
1/4,1.19380520836,1.67271352389496
1/4,1.20165919,1.68220529565272
1/4,1.20951317163,1.6915028025249
1/4,1.21736715327,1.70060360711764
1/4,1.2252211349,1.7095053236037
1/4,1.23307511653,1.71820561834789
1/4,1.24092909817,1.72670221051889
1/4,1.2487830798,1.73499287268714
1/4,1.25663706144,1.74307543140879
1/4,1.26449104307,1.75094776779549
1/4,1.2723450247,1.75860781806987
1/4,1.28019900634,1.76605357410654
1/4,1.28805298797,1.77328308395857
1/4,1.29590696961,1.78029445236918
1/4,1.30376095124,1.7870858412686
1/4,1.31161493287,1.79365547025593
1/4,1.31946891451,1.80000161706588
1/4,1.32732289614,1.80612261802028
1/4,1.33517687778,1.8120168684642
1/4,1.34303085941,1.81768282318665
1/4,1.35088484104,1.82311899682564
1/4,1.35873882268,1.8283239642576
1/4,1.36659280431,1.83329636097097
1/4,1.37444678595,1.83803488342389
1/4,1.38230076758,1.842538289386
1/4,1.39015474921,1.84680539826401
1/4,1.39800873085,1.85083509141127
1/4,1.40586271248,1.854626312421
1/4,1.41371669412,1.85817806740322
1/4,1.42157067575,1.86148942524534
1/4,1.42942465738,1.86455951785623
1/4,1.43727863902,1.86738754039379
1/4,1.44513262065,1.86997275147597
1/4,1.45298660229,1.8723144733751
1/4,1.46084058392,1.87441209219558
1/4,1.46869456555,1.87626505803481
1/4,1.47654854719,1.87787288512733
1/4,1.48440252882,1.87923515197222
1/4,1.49225651046,1.88035150144353
1/4,1.50011049209,1.88122164088396
1/4,1.50796447372,1.88184534218155
1/4,1.51581845536,1.88222244182947
1/4,1.52367243699,1.88235284096894
1/4,1.53152641863,1.88223650541508
1/4,1.53938040026,1.88187346566592
1/4,1.54723438189,1.88126381689436
1/4,1.55508836353,1.88040771892329
1/4,1.56294234516,1.8793053961836
1/4,1.57079632679,1.87795713765541
1/4,1.57865030843,1.87636329679232
1/4,1.58650429006,1.87452429142868
1/4,1.5943582717,1.87244060367013
1/4,1.60221225333,1.87011277976715
1/4,1.61006623496,1.86754142997193
1/4,1.6179202166,1.86472722837829
1/4,1.62577419823,1.86167091274508
1/4,1.63362817987,1.85837328430265
1/4,1.6414821615,1.85483520754292
1/4,1.64933614313,1.85105760999264
1/4,1.65719012477,1.84704148197033
1/4,1.6650441064,1.8427878763266
1/4,1.67289808804,1.83829790816815
1/4,1.68075206967,1.83357275456546
1/4,1.6886060513,1.82861365424419
1/4,1.69646003294,1.82342190726045
1/4,1.70431401457,1.81799887466001
1/4,1.71216799621,1.81234597812144
1/4,1.72002197784,1.80646469958344
1/4,1.72787595947,1.80035658085636
1/4,1.73572994111,1.79402322321796
1/4,1.74358392274,1.78746628699367
1/4,1.75143790438,1.7806874911213
1/4,1.75929188601,1.77368861270041
1/4,1.76714586764,1.76647148652645
1/4,1.77499984928,1.75903800460976
1/4,1.78285383091,1.75139011567953
1/4,1.79070781255,1.74352982467298
1/4,1.79856179418,1.73545919220973
1/4,1.80641577581,1.72718033405159
1/4,1.81426975745,1.71869542054792
1/4,1.82212373908,1.71000667606665
1/4,1.82997772072,1.70111637841113
1/4,1.83783170235,1.69202685822304
1/4,1.84568568398,1.68274049837136
1/4,1.85353966562,1.67325973332769
1/4,1.86139364725,1.66358704852806
1/4,1.86924762889,1.65372497972134
1/4,1.87710161052,1.64367611230447
1/4,1.88495559215,1.63344308064474
1/4,1.89280957379,1.62302856738909
1/4,1.90066355542,1.61243530276091
1/4,1.90851753706,1.60166606384426
1/4,1.91637151869,1.59072367385586
1/4,1.92422550032,1.57961100140496
1/4,1.93207948196,1.5683309597413
1/4,1.93993346359,1.55688650599143
1/4,1.94778744523,1.54528064038344
1/4,1.95564142686,1.53351640546045
1/4,1.96349540849,1.52159688528299
1/4,1.97134939013,1.50952520462049
1/4,1.97920337176,1.49730452813212
1/4,1.9870573534,1.48493805953715
1/4,1.99491133503,1.47242904077504
1/4,2.00276531666,1.45978075115563
1/4,2.0106192983,1.44699650649936
1/4,2.01847327993,1.43407965826807
1/4,2.02632726157,1.42103359268636
1/4,2.0341812432,1.4078617298539
1/4,2.04203522483,1.39456752284883
1/4,2.04988920647,1.38115445682247
1/4,2.0577431881,1.36762604808574
1/4,2.06559716974,1.35398584318726
1/4,2.07345115137,1.3402374179837
1/4,2.081305133,1.32638437670224
1/4,2.08915911464,1.31243035099579
1/4,2.09701309627,1.29837899899087
1/4,2.10486707791,1.28423400432867
1/4,2.11272105954,1.26999907519929
1/4,2.12057504117,1.2556779433697
1/4,2.12842902281,1.24127436320537
1/4,2.13628300444,1.22679211068606
1/4,2.14413698608,1.21223498241595
1/4,2.15199096771,1.19760679462831
1/4,2.15984494934,1.18291138218507
1/4,2.16769893098,1.16815259757147
1/4,2.17555291261,1.15333430988613
1/4,2.18340689424,1.13846040382674
1/4,2.19126087588,1.12353477867166
1/4,2.19911485751,1.10856134725769
1/4,2.20696883915,1.09354403495432
1/4,2.21482282078,1.07848677863466
1/4,2.22267680241,1.06339352564338
1/4,2.23053078405,1.04826823276187
1/4,2.23838476568,1.03311486517095
1/4,2.24623874732,1.01793739541139
1/4,2.25409272895,1.0027398023425
1/4,2.26194671058,0.987526070098991
1/4,2.26980069222,0.972300187046581
1/4,2.27765467385,0.957066144736378
1/4,2.28550865549,0.941827936858486
1/4,2.29336263712,0.926589558195038
1/4,2.30121661875,0.911355003572936
1/4,2.30907060039,0.896128266816594
1/4,2.31692458202,0.880913339700922
1/4,2.32477856366,0.865714210904871
1/4,2.33263254529,0.850534864965772
1/4,2.34048652692,0.835379281234765
1/4,2.34834050856,0.820251432833599
1/4,2.35619449019,0.805155285613045
1/4,2.36404847183,0.790094797113235
1/4,2.37190245346,0.775073915526161
1/4,2.37975643509,0.760096578660644
1/4,2.38761041673,0.74516671291001
1/4,2.39546439836,0.730288232222761
1/4,2.40331838,0.71546503707652
1/4,2.41117236163,0.700701013455489
1/4,2.41902634326,0.686000031831726
1/4,2.4268803249,0.671365946150467
1/4,2.43473430653,0.656802592819806
1/4,2.44258828817,0.64231378970495
1/4,2.4504422698,0.627903335127344
1/4,2.45829625143,0.613575006868925
1/4,2.46615023307,0.599332561181753
1/4,2.4740042147,0.585179731803285
1/4,2.48185819634,0.571120228977559
1/4,2.48971217797,0.557157738482529
1/4,2.4975661596,0.543295920663824
1/4,2.50542014124,0.529538409475156
1/4,2.51327412287,0.515888811525672
1/4,2.52112810451,0.502350705134452
1/4,2.52898208614,0.488927639392435
1/4,2.53683606777,0.475623133232005
1/4,2.54469004941,0.462440674504485
1/4,2.55254403104,0.449383719065775
1/4,2.56039801268,0.436455689870376
1/4,2.56825199431,0.42365997607405
1/4,2.57610597594,0.410999932145335
1/4,2.58395995758,0.39847887698614
1/4,2.59181393921,0.386100093061691
1/4,2.59966792085,0.373866825540003
1/4,2.60752190248,0.361782281441148
1/4,2.61537588411,0.349849628796514
1/4,2.62322986575,0.338071995818285
1/4,2.63108384738,0.32645247007937
1/4,2.63893782902,0.314994097703967
1/4,2.64679181065,0.303699882569018
1/4,2.65464579228,0.292572785516711
1/4,2.66249977392,0.281615723578295
1/4,2.67035375555,0.270831569209347
1/4,2.67820773719,0.260223149536754
1/4,2.68606171882,0.24979324561756
1/4,2.69391570045,0.239544591709897
1/4,2.70176968209,0.229479874556187
1/4,2.70962366372,0.21960173267879
1/4,2.71747764536,0.20991275568831
1/4,2.72533162699,0.200415483604704
1/4,2.73318560862,0.191112406191411
1/4,2.74103959026,0.182005962302641
1/4,2.74889357189,0.173098539244014
1/4,2.75674755353,0.16439247214672
1/4,2.76460153516,0.155890043355347
1/4,2.77245551679,0.147593481829552
1/4,2.78030949843,0.139504962559729
1/4,2.78816348006,0.13162660599682
1/4,2.79601746169,0.123960477496428
1/4,2.80387144333,0.116508586777375
1/4,2.81172542496,0.109272887394835
1/4,2.8195794066,0.102255276228211
1/4,2.82743338823,0.0954575929838445
1/4,2.83528736986,0.0888816197127345
1/4,2.8431413515,0.0825290803433598
1/4,2.85099533313,0.0764016402297417
1/4,2.85884931477,0.0705009057148625
1/4,2.8667032964,0.0648284237095519
1/4,2.87455727803,0.0593856812869594
1/4,2.88241125967,0.0541741052927041
1/4,2.8902652413,0.0491950619708254
1/4,2.89811922294,0.0444498566056087
1/4,2.90597320457,0.0399397331794024
1/4,2.9138271862,0.0356658740464973
1/4,2.92168116784,0.031629399623168
1/4,2.92953514947,0.0278313680939486
1/4,2.93738913111,0.0242727751342232
1/4,2.94524311274,0.0209545536492061
1/4,2.95309709437,0.0178775735293722
1/4,2.96095107601,0.0150426414224132
1/4,2.96880505764,0.0124505005217682
1/4,2.97665903928,0.0101018303717934
1/4,2.98451302091,0.0079972466896141
1/4,2.99236700254,0.00613730120371117
1/4,3.00022098418,0.00452248150928328
1/4,3.00807496581,0.00315321094042019
1/4,3.01592894745,0.00202984845912358
1/4,3.02378292908,0.00115268856120314
1/4,3.03163691071,0.000521961199073113
1/4,3.03949089235,0.000137831721468352
1/4,3.04734487398,4.00830097897356e-07
1/4,3.05519885562,0.000109704553244745
1/4,3.06305283725,0.000465714236321697
1/4,3.07090681888,0.00106833654938231
1/4,3.07876080052,0.00191741351158898
1/4,3.08661478215,0.00301272253262742
1/4,3.09446876379,0.00435397647106071
1/4,3.10232274542,0.00594082370960499
1/4,3.11017672705,0.00777284824730743
1/4,3.11803070869,0.00984956980860338
1/4,3.12588469032,0.012170443969224
1/4,3.13373867196,0.0147348622989194
1/4,3.14159265359,0.0175421525209619
1/4,3.14944663522,0.0205915786883883
1/4,3.15730061686,0.0238823413769311
1/4,3.16515459849,0.027413577894593
1/4,3.17300858013,0.0311843625078062
1/4,3.18086256176,0.0351937066841189
1/4,3.18871654339,0.0394405593513445
1/4,3.19657052503,0.0439238071731052
1/4,3.20442450666,0.0486422748407013
1/4,3.2122784883,0.0535947253812238
1/4,3.22013246993,0.0587798604818334
1/4,3.22798645156,0.0641963208301217
1/4,3.2358404332,0.069842686470462
1/4,3.24369441483,0.0757174771762584
1/4,3.25154839647,0.081819152837996
1/4,3.2594023781,0.0881461138669901
1/4,3.26725635973,0.0946967016147245
1/4,3.27511034137,0.101469198807679
1/4,3.282964323,0.10846182999752
1/4,3.29081830464,0.115672762026547
1/4,3.29867228627,0.123100104508261
1/4,3.3065262679,0.130741910322943
1/4,3.31438024954,0.138596176128103
1/4,3.32223423117,0.146660842883665
1/4,3.33008821281,0.154933796391759
1/4,3.33794219444,0.163412867850964
1/4,3.34579617607,0.172095834424882
1/4,3.35365015771,0.180980419824855
1/4,3.36150413934,0.190064294906716
1/4,3.36935812098,0.199345078281384
1/4,3.37721210261,0.208820336939157
1/4,3.38506608424,0.218487586887541
1/4,3.39292006588,0.228344293802443
1/4,3.40077404751,0.238387873692558
1/4,3.40862802914,0.248615693576776
1/4,3.41648201078,0.259025072174435
1/4,3.42433599241,0.269613280608229
1/4,3.43218997405,0.280377543119606
1/4,3.44004395568,0.291315037796441
1/4,3.44789793731,0.302422897312824
1/4,3.45575191895,0.313698209680738
1/4,3.46360590058,0.325138019013457
1/4,3.47145988222,0.336739326300451
1/4,3.47931386385,0.348499090193585
1/4,3.48716784548,0.360414227804438
1/4,3.49502182712,0.372481615512485
1/4,3.50287580875,0.384698089783989
1/4,3.51072979039,0.397060448001318
1/4,3.51858377202,0.409565449302552
1/4,3.52643775365,0.422209815431073
1/4,3.53429173529,0.434990231594994
1/4,3.54214571692,0.447903347336142
1/4,3.54999969856,0.460945777408397
1/4,3.55785368019,0.474114102665168
1/4,3.56570766182,0.487404870955719
1/4,3.57356164346,0.500814598030193
1/4,3.58141562509,0.51433976845301
1/4,3.58926960673,0.527976836524469
1/4,3.59712358836,0.541722227210266
1/4,3.60497756999,0.555572337078716
1/4,3.61283155163,0.569523535245409
1/4,3.62068553326,0.583572164325064
1/4,3.6285395149,0.597714541390342
1/4,3.63639349653,0.611946958937336
1/4,3.64424747816,0.626265685857525
1/4,3.6521014598,0.640666968415892
1/4,3.65995544143,0.655147031234999
1/4,3.66780942307,0.669702078284715
1/4,3.6756634047,0.684328293877375
1/4,3.68351738633,0.699021843668071
1/4,3.69137136797,0.713778875659864
1/4,3.6992253496,0.728595521213594
1/4,3.70707933124,0.743467896062066
1/4,3.71493331287,0.758392101328342
1/4,3.7227872945,0.773364224547845
1/4,3.73064127614,0.788380340694039
1/4,3.73849525777,0.803436513207386
1/4,3.74634923941,0.818528795027358
1/4,3.75420322104,0.833653229627156
1/4,3.76205720267,0.848805852050959
1/4,3.76991118431,0.863982689953341
1/4,3.77776516594,0.879179764640658
1/4,3.78561914758,0.894393092114074
1/4,3.79347312921,0.909618684113993
1/4,3.80132711084,0.924852549165611
1/4,3.80918109248,0.940090693625288
1/4,3.81703507411,0.95532912272752
1/4,3.82488905575,0.970563841632178
1/4,3.83274303738,0.985790856471787
1/4,3.84059701901,1.00100617539853
1/4,3.84845100065,1.01620580963074
1/4,3.85630498228,1.03138577449859
1/4,3.86415896392,1.04654209048868
1/4,3.87201294555,1.06167078428729
1/4,3.87986692718,1.07676788982203
1/4,3.88772090882,1.09182944930154
1/4,3.89557489045,1.10685151425306
1/4,3.90342887209,1.12183014655755
1/4,3.91128285372,1.13676141948207
1/4,3.91913683535,1.15164141870923
1/4,3.92699081699,1.16646624336331
1/4,3.93484479862,1.18123200703291
1/4,3.94269878026,1.19593483878982
1/4,3.95055276189,1.21057088420379
1/4,3.95840674352,1.22513630635295
1/4,3.96626072516,1.23962728682975
1/4,3.97411470679,1.25404002674195
1/4,3.98196868843,1.26837074770848
1/4,3.98982267006,1.28261569285003
1/4,3.99767665169,1.29677112777389
1/4,4.00553063333,1.31083334155297
1/4,4.01338461496,1.32479864769861
1/4,4.02123859659,1.33866338512707
1/4,4.02909257823,1.35242391911922
1/4,4.03694655986,1.36607664227348
1/4,4.0448005415,1.37961797545147
1/4,4.05265452313,1.39304436871635
1/4,4.06050850476,1.40635230226339
1/4,4.0683624864,1.41953828734276
1/4,4.07621646803,1.43259886717411
1/4,4.08407044967,1.44553061785279
1/4,4.0919244313,1.45833014924742
1/4,4.09977841293,1.47099410588866
1/4,4.10763239457,1.48351916784887
1/4,4.1154863762,1.4959020516124
1/4,4.12334035784,1.50813951093646
1/4,4.13119433947,1.52022833770206
1/4,4.1390483211,1.53216536275509
1/4,4.14690230274,1.54394745673712
1/4,4.15475628437,1.55557153090575
1/4,4.16261026601,1.56703453794441
1/4,4.17046424764,1.57833347276112
1/4,4.17831822927,1.58946537327643
1/4,4.18617221091,1.60042732119983
1/4,4.19402619254,1.61121644279484
1/4,4.20188017418,1.62182990963241
1/4,4.20973415581,1.63226493933233
1/4,4.21758813744,1.64251879629273
1/4,4.22544211908,1.65258879240717
1/4,4.23329610071,1.66247228776939
1/4,4.24115008235,1.67216669136533
1/4,4.24900406398,1.68166946175243
1/4,4.25685804561,1.69097810772583
1/4,4.26471202725,1.70009018897149
1/4,4.27256600888,1.70900331670593
1/4,4.28041999052,1.71771515430244
1/4,4.28827397215,1.72622341790368
1/4,4.29612795378,1.73452587702034
1/4,4.30398193542,1.74262035511596
1/4,4.31183591705,1.75050473017745
1/4,4.31968989869,1.75817693527142
1/4,4.32754388032,1.76563495908605
1/4,4.33539786195,1.77287684645832
1/4,4.34325184359,1.77990069888662
1/4,4.35110582522,1.78670467502842
1/4,4.35895980686,1.79328699118302
1/4,4.36681378849,1.7996459217591
1/4,4.37466777012,1.80577979972716
1/4,4.38252175176,1.81168701705649
1/4,4.39037573339,1.81736602513676
1/4,4.39822971503,1.82281533518397
1/4,4.40608369666,1.82803351863076
1/4,4.41393767829,1.83301920750091
1/4,4.42179165993,1.83777109476797
1/4,4.42964564156,1.84228793469789
1/4,4.4374996232,1.8465685431756
1/4,4.44535360483,1.85061179801547
1/4,4.45320758646,1.85441663925543
1/4,4.4610615681,1.85798206943488
1/4,4.46891554973,1.86130715385621
1/4,4.47676953137,1.86439102082977
1/4,4.484623513,1.86723286190246
1/4,4.49247749463,1.8698319320696
1/4,4.50033147627,1.87218754997029
1/4,4.5081854579,1.87429909806601
1/4,4.51603943954,1.87616602280254
1/4,4.52389342117,1.877787834755
1/4,4.5317474028,1.87916410875627
1/4,4.53960138444,1.88029448400834
1/4,4.54745536607,1.88117866417697
1/4,4.55530934771,1.88181641746934
1/4,4.56316332934,1.88220757669482
1/4,4.57101731097,1.88235203930883
1/4,4.57887129261,1.88224976743967
1/4,4.58672527424,1.88190078789849
1/4,4.59457925588,1.88130519217225
1/4,4.60243323751,1.88046313639971
1/4,4.61028721914,1.87937484133056
1/4,4.61814120078,1.87804059226749
1/4,4.62599518241,1.8764607389914
1/4,4.63384916404,1.87463569566974
1/4,4.64170314568,1.87256594074793
1/4,4.64955712731,1.87025201682387
1/4,4.65741110895,1.86769453050577
1/4,4.66526509058,1.86489415225311
1/4,4.67311907221,1.86185161620082
1/4,4.68097305385,1.8585677199669
1/4,4.68882703548,1.85504332444325
1/4,4.69668101712,1.85127935357005
1/4,4.70453499875,1.84727679409349
1/4,4.71238898038,1.8430366953071
1/4,4.72024296202,1.8385601687767
1/4,4.72809694365,1.83384838804896
1/4,4.73595092529,1.82890258834376
1/4,4.74380490692,1.8237240662304
1/4,4.75165888855,1.81831417928766
1/4,4.75951287019,1.81267434574789
1/4,4.76736685182,1.80680604412528
1/4,4.77522083346,1.80071081282818
1/4,4.78307481509,1.79439024975586
1/4,4.79092879672,1.78784601187957
1/4,4.79878277836,1.78107981480818
1/4,4.80663675999,1.7740934323384
1/4,4.81449074163,1.76688869598981
1/4,4.82234472326,1.75946749452466
1/4,4.83019870489,1.75183177345278
1/4,4.83805268653,1.7439835345215
1/4,4.84590666816,1.73592483519093
1/4,4.8537606498,1.72765778809453
1/4,4.86161463143,1.71918456048533
1/4,4.86946861306,1.71050737366773
1/4,4.8773225947,1.70162850241519
1/4,4.88517657633,1.69255027437389
1/4,4.89303055797,1.68327506945249
1/4,4.9008845396,1.67380531919829
1/4,4.90873852123,1.6641435061597
1/4,4.91659250287,1.65429216323552
1/4,4.9244464845,1.64425387301085
1/4,4.93230046614,1.63403126708007
1/4,4.94015444777,1.62362702535698
1/4,4.9480084294,1.61304387537224
1/4,4.95586241104,1.60228459155829
1/4,4.96371639267,1.59135199452205
1/4,4.97157037431,1.58024895030551
1/4,4.97942435594,1.56897836963431
1/4,4.98727833757,1.55754320715475
1/4,4.99513231921,1.54594646065915
1/4,5.00298630084,1.5341911703
1/4,5.01084028248,1.52228041779298
1/4,5.01869426411,1.51021732560903
1/4,5.02654824574,1.49800505615578
1/4,5.03440222738,1.48564681094855
1/4,5.04225620901,1.47314582977101
1/4,5.05011019065,1.46050538982588
1/4,5.05796417228,1.44772880487579
1/4,5.06581815391,1.43481942437452
1/4,5.07367213555,1.42178063258898
1/4,5.08152611718,1.40861584771197
1/4,5.08938009882,1.39532852096609
1/4,5.09723408045,1.38192213569898
1/4,5.10508806208,1.36840020647015
1/4,5.11294204372,1.35476627812959
1/4,5.12079602535,1.34102392488852
1/4,5.12865000699,1.32717674938234
1/4,5.13650398862,1.31322838172619
1/4,5.14435797025,1.29918247856332
1/4,5.15221195189,1.28504272210647
1/4,5.16006593352,1.27081281917251
1/4,5.16791991516,1.25649650021077
1/4,5.17577389679,1.242097518325
1/4,5.18362787842,1.22761964828949
1/4,5.19148186006,1.21306668555953
1/4,5.19933584169,1.19844244527637
1/4,5.20718982333,1.18375076126708
1/4,5.21504380496,1.16899548503947
1/4,5.22289778659,1.15418048477242
1/4,5.23075176823,1.13930964430181
1/4,5.23860574986,1.12438686210231
1/4,5.24645973149,1.10941605026545
1/4,5.25431371313,1.09440113347399
1/4,5.26216769476,1.07934604797302
1/4,5.2700216764,1.06425474053813
1/4,5.27787565803,1.04913116744065
1/4,5.28572963966,1.03397929341059
1/4,5.2935836213,1.01880309059715
1/4,5.30143760293,1.00360653752749
1/4,5.30929158457,0.988393618063704
1/4,5.3171455662,0.973168320358427
1/4,5.32499954783,0.957934635809312
1/4,5.33285352947,0.942696558012671
1/4,5.3407075111,0.927458081716543
1/4,5.34856149274,0.912223201773425
1/4,5.35641547437,0.896995912093008
1/4,5.364269456,0.881780204595159
1/4,5.37212343764,0.866580068163412
1/4,5.37997741927,0.851399487599252
1/4,5.38783140091,0.836242442577484
1/4,5.39568538254,0.821112906602946
1/4,5.40353936417,0.806014845968811
1/4,5.41139334581,0.790952218716826
1/4,5.41924732744,0.775928973599665
1/4,5.42710130908,0.760949049045769
1/4,5.43495529071,0.746016372126837
1/4,5.44280927234,0.731134857528332
1/4,5.45066325398,0.716308406523237
1/4,5.45851723561,0.701540905949298
1/4,5.46637121725,0.68683622719007
1/4,5.47422519888,0.672198225160017
1/4,5.48207918051,0.657630737293929
1/4,5.48993316215,0.643137582540898
1/4,5.49778714378,0.628722560363183
1/4,5.50564112542,0.614389449740136
1/4,5.51349510705,0.600142008177545
1/4,5.52134908868,0.585983970722565
1/4,5.52920307032,0.571919048984558
1/4,5.53705705195,0.557950930162075
1/4,5.54491103359,0.544083276076247
1/4,5.55276501522,0.530319722210794
1/4,5.56061899685,0.516663876758984
1/4,5.56847297849,0.503119319677717
1/4,5.57632696012,0.489689601749016
1/4,5.58418094176,0.476378243649173
1/4,5.59203492339,0.463188735025786
1/4,5.59988890502,0.450124533582922
1/4,5.60774288666,0.437189064174669
1/4,5.61559686829,0.424385717907278
1/4,5.62345084993,0.411717851250182
1/4,5.63130483156,0.399188785156067
1/4,5.63915881319,0.386801804190267
1/4,5.64701279483,0.374560155669694
1/4,5.65486677646,0.362467048811556
1/4,5.6627207581,0.350525653892009
1/4,5.67057473973,0.338739101415075
1/4,5.67842872136,0.32711048129196
1/4,5.686282703,0.315642842031008
1/4,5.69413668463,0.304339189938525
1/4,5.70199066627,0.293202488330653
1/4,5.7098446479,0.282235656756526
1/4,5.71769862953,0.271441570232891
1/4,5.72555261117,0.260823058490401
1/4,5.7334065928,0.250382905231794
1/4,5.74126057444,0.240123847402127
1/4,5.74911455607,0.230048574471265
1/4,5.7569685377,0.220159727728825
1/4,5.76482251934,0.210459899591753
1/4,5.77267650097,0.200951632924698
1/4,5.78053048261,0.191637420373386
1/4,5.78838446424,0.182519703711166
1/4,5.79623844587,0.173600873198884
1/4,5.80409242751,0.164883266958256
1/4,5.81194640914,0.156369170358921
1/4,5.81980039078,0.148060815419317
1/4,5.82765437241,0.139960380221551
1/4,5.83550835404,0.13206998834039
1/4,5.84336233568,0.124391708286562
1/4,5.85121631731,0.11692755296449
1/4,5.85907029894,0.109679479144585
1/4,5.86692428058,0.102649386950272
1/4,5.87477826221,0.0958391193598703
1/4,5.88263224385,0.0892504617234344
1/4,5.89048622548,0.0828851412947199
1/4,5.89834020711,0.0767448267783754
1/4,5.90619418875,0.0708311278924804
1/4,5.91404817038,0.0651455949465484
1/4,5.92190215202,0.0596897184351057
1/4,5.92975613365,0.054464928646947
1/4,5.93761011528,0.0494725952901825
1/4,5.94546409692,0.0447140271331561
1/4,5.95331807855,0.0401904716613452
1/4,5.96117206019,0.0359031147503289
1/4,5.96902604182,0.0318530803549004
1/4,5.97688002345,0.0280414302144159
1/4,5.98473400509,0.0244691635744563
1/4,5.99258798672,0.0211372169248674
1/4,6.00044196836,0.0180464637542541
1/4,6.00829594999,0.0151977143209906
1/4,6.01614993162,0.0125917154408068
1/4,6.02400391326,0.010229150291005
1/4,6.03185789489,0.0081106382313643
1/4,6.03971187653,0.00623673464176754
1/4,6.04756585816,0.00460793077660938
1/4,6.05541983979,0.00322465363600887
1/4,6.06327382143,0.00208726585386914
1/4,6.07112780306,0.00119606560281185
1/4,6.0789817847,0.000551286516008782
1/4,6.08683576633,0.000153097625933812
1/4,6.09468974796,1.60332005011094e-06
1/4,6.1025437296,9.68433134443228e-05
1/4,6.11039771123,0.000438792638415025
1/4,6.11825169287,0.00102736165101818
1/4,6.1261056745,0.00186239605456805
1/4,6.13395965613,0.00294367694008656
1/4,6.14181363777,0.00427092084369107
1/4,6.1496676194,0.00584377982090773
1/4,6.15752160104,0.00766184153788529
1/4,6.16537558267,0.00972462937949135
1/4,6.1732295643,0.0120316025742602
1/4,6.18108354594,0.0145821563361585
1/4,6.18893752757,0.017375622023133
1/4,6.19679150921,0.020411267312401
1/4,6.20464549084,0.023688296392429
1/4,6.21249947247,0.0272058501715634
1/4,6.22035345411,0.0309630065032438
1/4,6.22820743574,0.0349587804277476
1/4,6.23606141738,0.0391921244304075
1/4,6.24391539901,0.0436619287162185
1/4,6.25176938064,0.0483670215007791
1/4,6.25962336228,0.0533061693174807
1/4,6.26747734391,0.0584780773408703
1/4,6.27533132555,0.0638813897260897
1/4,6.28318530718,0.0695146899643267
