branch,k,quadratic,quartic
phi,0,-0,-0
phi,0.001,-3.54626865671642e-07,-3.5462687647389e-07
phi,0.002,-1.41850746268657e-06,-1.41850763552253e-06
phi,0.003,-3.19164179104478e-06,-3.19164266602685e-06
phi,0.004,-5.67402985074627e-06,-5.67403261612173e-06
phi,0.005,-8.86567164179105e-06,-8.86567839319597e-06
phi,0.006,-1.27665671641791e-05,-1.27665811638924e-05
phi,0.007,-1.73767164179105e-05,-1.73767423541076e-05
phi,0.008,-2.26961194029851e-05,-2.26961636489924e-05
phi,0.009,-2.8724776119403e-05,-2.87248469929513e-05
phi,0.01,-3.54626865671642e-05,-3.5462794589643e-05
phi,0.011,-4.29098507462687e-05,-4.29100089019799e-05
phi,0.012,-5.10662686567164e-05,-5.10664926521285e-05
phi,0.013,-5.99319402985075e-05,-5.99322488215092e-05
phi,0.014,-6.95068656716418e-05,-6.95072806507965e-05
phi,0.015,-7.97910447761194e-05,-7.97915916399185e-05
phi,0.016,-9.07844776119403e-05,-9.07851855480576e-05
phi,0.017,-0.000102487164179104,-0.00010248806639365
phi,0.018,-0.000114899104477612,-0.000114900238454386
phi,0.019,-0.000128020298507463,-0.000128021706267209
phi,0.02,-0.000141850746268657,-0.000141852474628318
phi,0.021,-0.000156390447761194,-0.000156392548593165
phi,0.022,-0.000171639402985075,-0.000171641933476455
phi,0.023,-0.000187597611940299,-0.000187600634852148
phi,0.024,-0.000204265074626866,-0.000204268658553459
phi,0.025,-0.000221641791044776,-0.000221646010672855
phi,0.026,-0.00023972776119403,-0.000239732697562058
phi,0.027,-0.000258522985074627,-0.000258528725832044
phi,0.028,-0.000278027462686567,-0.000278034102353042
phi,0.029,-0.000298241194029851,-0.000298248834254536
phi,0.03,-0.000319164179104478,-0.000319172928925263
phi,0.031,-0.000340796417910448,-0.000340806394013215
phi,0.032,-0.000363137910447761,-0.000363149237425637
phi,0.033,-0.000386188656716418,-0.00038620146732903
phi,0.034,-0.000409948656716418,-0.000409963092149145
phi,0.035,-0.000434417910447761,-0.000434434120570991
phi,0.036,-0.000459596417910448,-0.000459614561538828
phi,0.037,-0.000485484179104478,-0.000485504424256172
phi,0.038,-0.000512081194029851,-0.000512103718185792
phi,0.039,-0.000539387462686567,-0.000539412453049712
phi,0.04,-0.000567402985074627,-0.000567430638829207
phi,0.041,-0.00059612776119403,-0.00059615828576481
phi,0.042,-0.000625561791044776,-0.000625595404356304
phi,0.043,-0.000655705074626866,-0.00065574200536273
phi,0.044,-0.000686557611940298,-0.000686598099802379
phi,0.045,-0.000718119402985075,-0.000718163698952799
phi,0.046,-0.000750390447761194,-0.000750438814350791
phi,0.047,-0.000783370746268657,-0.000783423457792408
phi,0.048,-0.000817060298507463,-0.00081711764133296
phi,0.049,-0.000851459104477612,-0.00085152137728701
phi,0.05,-0.000886567164179105,-0.000886634678228373
phi,0.051,-0.00092238447761194,-0.00092245755699012
phi,0.052,-0.000958911044776119,-0.000958990026664576
phi,0.053,-0.000996146865671642,-0.000996232100603319
phi,0.054,-0.00103409194029851,-0.00103418379241718
phi,0.055,-0.00107274626865672,-0.00107284511597625
phi,0.056,-0.00111210985074627,-0.00111221608540986
phi,0.057,-0.00115218268656716,-0.00115229671510662
phi,0.058,-0.0011929647761194,-0.00119308701971436
phi,0.059,-0.00123445611940298,-0.00123458701414019
phi,0.06,-0.00127665671641791,-0.00127679671355047
phi,0.061,-0.00131956656716418,-0.00131971613337081
phi,0.062,-0.00136318567164179,-0.00136334528928606
phi,0.063,-0.00140751402985075,-0.00140768419724036
phi,0.064,-0.00145255164179104,-0.00145273287343706
phi,0.065,-0.00149829850746269,-0.0014984913343388
phi,0.066,-0.00154475462686567,-0.00154495959666746
phi,0.067,-0.00159192,-0.00159213767740416
phi,0.068,-0.00163979462686567,-0.0016400255937893
phi,0.069,-0.00168837850746269,-0.00168862336332252
phi,0.07,-0.00173767164179105,-0.00173793100376271
phi,0.071,-0.00178767402985075,-0.00178794853312803
phi,0.072,-0.00183838567164179,-0.00183867596969587
phi,0.073,-0.00188980656716418,-0.0018901133320029
phi,0.074,-0.00194193671641791,-0.00194226063884502
phi,0.075,-0.00199477611940299,-0.0019951179092774
phi,0.076,-0.0020483247761194,-0.00204868516261447
phi,0.077,-0.00210258268656716,-0.00210296241842988
phi,0.078,-0.00215754985074627,-0.00215794969655658
phi,0.079,-0.00221322626865672,-0.00221364701708674
phi,0.08,-0.00226961194029851,-0.00227005440037179
phi,0.081,-0.00232670686567164,-0.00232717186702243
phi,0.082,-0.00238451104477612,-0.0023849994379086
phi,0.083,-0.00244302447761194,-0.00244353713415949
phi,0.084,-0.00250224716417911,-0.00250278497716356
phi,0.085,-0.00256217910447761,-0.0025627429885685
phi,0.086,-0.00262282029850746,-0.00262341119028129
phi,0.087,-0.00268417074626866,-0.00268478960446813
phi,0.088,-0.00274623044776119,-0.00274687825355449
phi,0.089,-0.00280899940298507,-0.00280967716022508
phi,0.09,-0.0028724776119403,-0.00287318634742389
phi,0.091,-0.00293666507462687,-0.00293740583835415
phi,0.092,-0.00300156179104478,-0.00300233565647832
phi,0.093,-0.00306716776119403,-0.00306797582551816
phi,0.094,-0.00313348298507463,-0.00313432636945465
phi,0.095,-0.00320050746268657,-0.00320138731252803
phi,0.096,-0.00326824119402985,-0.00326915867923781
phi,0.097,-0.00333668417910448,-0.00333764049434273
phi,0.098,-0.00340583641791045,-0.00340683278286081
phi,0.099,-0.00347569791044776,-0.00347673557006929
phi,0.1,-0.00354626865671642,-0.00354734888150471
phi,0.101,-0.00361754865671642,-0.00361867274296281
phi,0.102,-0.00368953791044776,-0.00369070718049863
phi,0.103,-0.00376223641791045,-0.00376345222042645
phi,0.104,-0.00383564417910448,-0.00383690788931978
phi,0.105,-0.00390976119402985,-0.00391107421401142
phi,0.106,-0.00398458746268657,-0.0039859512215934
phi,0.107,-0.00406012298507463,-0.00406153893941702
phi,0.108,-0.00413636776119403,-0.00413783739509281
phi,0.109,-0.00421332179104478,-0.00421484661649059
phi,0.11,-0.00429098507462687,-0.0042925666317394
phi,0.111,-0.0043693576119403,-0.00437099746922755
phi,0.112,-0.00444843940298508,-0.0044501391576026
phi,0.113,-0.00452823044776119,-0.00452999172577137
phi,0.114,-0.00460873074626866,-0.00461055520289992
phi,0.115,-0.00468994029850746,-0.00469182961841358
phi,0.116,-0.00477185910447761,-0.00477381500199694
phi,0.117,-0.00485448716417911,-0.0048565113835938
phi,0.118,-0.00493782447761194,-0.00493991879340727
phi,0.119,-0.00502187104477612,-0.00502403726189969
phi,0.12,-0.00510662686567164,-0.00510886681979264
phi,0.121,-0.00519209194029851,-0.00519440749806697
phi,0.122,-0.00527826626865672,-0.00528065932796278
phi,0.123,-0.00536514985074627,-0.00536762234097943
phi,0.124,-0.00545274268656716,-0.00545529656887553
phi,0.125,-0.0055410447761194,-0.00554368204366894
phi,0.126,-0.00563005611940299,-0.00563277879763677
phi,0.127,-0.00571977671641791,-0.0057225868633154
phi,0.128,-0.00581020656716418,-0.00581310627350045
phi,0.129,-0.00590134567164179,-0.0059043370612468
phi,0.13,-0.00599319402985075,-0.00599627925986858
phi,0.131,-0.00608575164179105,-0.00608893290293918
phi,0.132,-0.00617901850746269,-0.00618229802429124
phi,0.133,-0.00627299462686567,-0.00627637465801665
phi,0.134,-0.00636768,-0.00637116283846656
phi,0.135,-0.00646307462686567,-0.00646666260025138
phi,0.136,-0.00655917850746269,-0.00656287397824075
phi,0.137,-0.00665599164179105,-0.0066597970075636
phi,0.138,-0.00675351402985075,-0.00675743172360808
phi,0.139,-0.00685174567164179,-0.00685577816202161
phi,0.14,-0.00695068656716418,-0.00695483635871087
phi,0.141,-0.00705033671641791,-0.00705460634984177
phi,0.142,-0.00715069611940298,-0.00715508817183951
phi,0.143,-0.0072517647761194,-0.00725628186138851
phi,0.144,-0.00735354268656716,-0.00735818745543246
phi,0.145,-0.00745602985074627,-0.0074608049911743
phi,0.146,-0.00755922626865672,-0.00756413450607623
phi,0.147,-0.00766313194029851,-0.0076681760378597
phi,0.148,-0.00776774686567164,-0.00777292962450542
phi,0.149,-0.00787307104477612,-0.00787839530425333
phi,0.15,-0.00797910447761194,-0.00798457311560265
phi,0.151,-0.0080858471641791,-0.00809146309731185
phi,0.152,-0.00819329910447761,-0.00819906528839864
phi,0.153,-0.00830146029850746,-0.00830737972814001
phi,0.154,-0.00841033074626866,-0.00841640645607216
phi,0.155,-0.00851991044776119,-0.0085261455119906
phi,0.156,-0.00863019940298508,-0.00863659693595005
phi,0.157,-0.0087411976119403,-0.0087477607682645
phi,0.158,-0.00885290507462687,-0.00885963704950719
phi,0.159,-0.00896532179104478,-0.00897222582051063
phi,0.16,-0.00907844776119403,-0.00908552712236656
phi,0.161,-0.00919228298507463,-0.00919954099642598
phi,0.162,-0.00930682746268657,-0.00931426748429917
phi,0.163,-0.00942208119402985,-0.00942970662785562
phi,0.164,-0.00953804417910448,-0.0095458584692241
phi,0.165,-0.00965471641791045,-0.00966272305079265
phi,0.166,-0.00977209791044776,-0.00978030041520852
phi,0.167,-0.00989018865671642,-0.00989859060537826
phi,0.168,-0.0100089886567164,-0.0100175936644676
phi,0.169,-0.0101284979104478,-0.0101373096359017
phi,0.17,-0.0102487164179105,-0.0102577385633647
phi,0.171,-0.0103696441791045,-0.0103788804908003
phi,0.172,-0.0104912811940298,-0.0105007354624111
phi,0.173,-0.0106136274626866,-0.0106233035226593
phi,0.174,-0.0107366829850746,-0.0107465847162662
phi,0.175,-0.010860447761194,-0.0108705790882123
phi,0.176,-0.0109849217910448,-0.0109952866837375
phi,0.177,-0.0111101050746269,-0.0111207075483407
phi,0.178,-0.0112359976119403,-0.0112468417277805
phi,0.179,-0.0113625994029851,-0.0113736892680742
phi,0.18,-0.0114899104477612,-0.0115012502154987
phi,0.181,-0.0116179307462687,-0.0116295246165902
phi,0.182,-0.0117466602985075,-0.011758512518144
phi,0.183,-0.0118760991044776,-0.0118882139672146
phi,0.184,-0.0120062471641791,-0.0120186290111159
phi,0.185,-0.0121371044776119,-0.012149757697421
phi,0.186,-0.0122686710447761,-0.0122816000739622
phi,0.187,-0.0124009468656716,-0.0124141561888312
phi,0.188,-0.0125339319402985,-0.0125474260903789
phi,0.189,-0.0126676262686567,-0.0126814098272152
phi,0.19,-0.0128020298507463,-0.0128161074482097
phi,0.191,-0.0129371426865672,-0.0129515190024909
phi,0.192,-0.0130729647761194,-0.0130876445394468
phi,0.193,-0.013209496119403,-0.0132244841087243
phi,0.194,-0.0133467367164179,-0.01336203776023
phi,0.195,-0.0134846865671642,-0.0135003055441294
phi,0.196,-0.0136233456716418,-0.0136392875108476
phi,0.197,-0.0137627140298507,-0.0137789837110685
phi,0.198,-0.013902791641791,-0.0139193941957356
phi,0.199,-0.0140435785074627,-0.0140605190160515
phi,0.2,-0.0141850746268657,-0.0142023582234783
phi,0.201,-0.01432728,-0.014344911869737
phi,0.202,-0.0144701946268657,-0.014488180006808
phi,0.203,-0.0146138185074627,-0.014632162686931
phi,0.204,-0.014758151641791,-0.014776859962605
phi,0.205,-0.0149031940298507,-0.0149222718865881
phi,0.206,-0.0150489456716418,-0.0150683985118978
phi,0.207,-0.0151954065671642,-0.0152152398918107
phi,0.208,-0.0153425767164179,-0.0153627960798628
phi,0.209,-0.015490456119403,-0.0155110671298492
phi,0.21,-0.0156390447761194,-0.0156600530958245
phi,0.211,-0.0157883426865672,-0.0158097540321023
phi,0.212,-0.0159383498507463,-0.0159601699932556
phi,0.213,-0.0160890662686567,-0.0161113010341166
phi,0.214,-0.0162404919402985,-0.0162631472097768
phi,0.215,-0.0163926268656716,-0.0164157085755868
phi,0.216,-0.0165454710447761,-0.0165689851871567
phi,0.217,-0.0166990244776119,-0.0167229771003556
phi,0.218,-0.0168532871641791,-0.0168776843713121
phi,0.219,-0.0170082591044776,-0.0170331070564139
phi,0.22,-0.0171639402985075,-0.017189245212308
phi,0.221,-0.0173203307462687,-0.0173460988959006
phi,0.222,-0.0174774304477612,-0.0175036681643572
phi,0.223,-0.0176352394029851,-0.0176619530751025
phi,0.224,-0.0177937576119403,-0.0178209536858207
phi,0.225,-0.0179529850746269,-0.0179806700544548
phi,0.226,-0.0181129217910448,-0.0181411022392075
phi,0.227,-0.018273567761194,-0.0183022502985405
phi,0.228,-0.0184349229850746,-0.0184641142911748
phi,0.229,-0.0185969874626866,-0.0186266942760908
phi,0.23,-0.0187597611940299,-0.0187899903125278
phi,0.231,-0.0189232441791045,-0.0189540024599847
phi,0.232,-0.0190874364179105,-0.0191187307782196
phi,0.233,-0.0192523379104478,-0.0192841753272497
phi,0.234,-0.0194179486567164,-0.0194503361673516
phi,0.235,-0.0195842686567164,-0.019617213359061
phi,0.236,-0.0197512979104478,-0.0197848069631731
phi,0.237,-0.0199190364179104,-0.0199531170407421
phi,0.238,-0.0200874841791045,-0.0201221436530816
phi,0.239,-0.0202566411940299,-0.0202918868617643
phi,0.24,-0.0204265074626866,-0.0204623467286225
phi,0.241,-0.0205970829850746,-0.0206335233157473
phi,0.242,-0.020768367761194,-0.0208054166854894
phi,0.243,-0.0209403617910448,-0.0209780269004586
phi,0.244,-0.0211130650746269,-0.0211513540235239
phi,0.245,-0.0212864776119403,-0.0213253981178137
phi,0.246,-0.0214605994029851,-0.0215001592467157
phi,0.247,-0.0216354304477612,-0.0216756374738766
phi,0.248,-0.0218109707462687,-0.0218518328632025
phi,0.249,-0.0219872202985075,-0.0220287454788588
phi,0.25,-0.0221641791044776,-0.0222063753852701
phi,0.251,-0.0223418471641791,-0.0223847226471203
phi,0.252,-0.0225202244776119,-0.0225637873293525
phi,0.253,-0.0226993110447761,-0.022743569497169
phi,0.254,-0.0228791068656716,-0.0229240692160314
phi,0.255,-0.0230596119402985,-0.0231052865516607
phi,0.256,-0.0232408262686567,-0.023287221570037
phi,0.257,-0.0234227498507463,-0.0234698743373996
phi,0.258,-0.0236053826865672,-0.0236532449202472
phi,0.259,-0.0237887247761194,-0.0238373333853377
phi,0.26,-0.023972776119403,-0.0240221397996883
phi,0.261,-0.0241575367164179,-0.0242076642305752
phi,0.262,-0.0243430065671642,-0.0243939067455343
phi,0.263,-0.0245291856716418,-0.0245808674123603
phi,0.264,-0.0247160740298508,-0.0247685462991075
phi,0.265,-0.024903671641791,-0.0249569434740893
phi,0.266,-0.0250919785074627,-0.0251460590058783
phi,0.267,-0.0252809946268657,-0.0253358929633065
phi,0.268,-0.02547072,-0.025526445415465
phi,0.269,-0.0256611546268657,-0.0257177164317042
phi,0.27,-0.0258522985074627,-0.025909706081634
phi,0.271,-0.026044151641791,-0.0261024144351231
phi,0.272,-0.0262367140298508,-0.0262958415622998
phi,0.273,-0.0264299856716418,-0.0264899875335516
phi,0.274,-0.0266239665671642,-0.0266848524195251
phi,0.275,-0.0268186567164179,-0.0268804362911262
phi,0.276,-0.027014056119403,-0.0270767392195203
phi,0.277,-0.0272101647761194,-0.0272737612761318
phi,0.278,-0.0274069826865672,-0.0274715025326443
phi,0.279,-0.0276045098507463,-0.0276699630610009
phi,0.28,-0.0278027462686567,-0.0278691429334037
phi,0.281,-0.0280016919402985,-0.0280690422223144
phi,0.282,-0.0282013468656716,-0.0282696610004535
phi,0.283,-0.0284017110447761,-0.028470999340801
phi,0.284,-0.0286027844776119,-0.0286730573165963
phi,0.285,-0.0288045671641791,-0.0288758350013378
phi,0.286,-0.0290070591044776,-0.0290793324687833
phi,0.287,-0.0292102602985075,-0.0292835497929497
phi,0.288,-0.0294141707462687,-0.0294884870481134
phi,0.289,-0.0296187904477612,-0.0296941443088098
phi,0.29,-0.0298241194029851,-0.0299005216498336
phi,0.291,-0.0300301576119403,-0.030107619146239
phi,0.292,-0.0302369050746269,-0.0303154368733392
phi,0.293,-0.0304443617910448,-0.0305239749067066
phi,0.294,-0.030652527761194,-0.0307332333221732
phi,0.295,-0.0308614029850746,-0.0309432121958299
phi,0.296,-0.0310709874626866,-0.031153911604027
phi,0.297,-0.0312812811940298,-0.031365331623374
phi,0.298,-0.0314922841791045,-0.0315774723307398
phi,0.299,-0.0317039964179104,-0.0317903338032524
phi,0.3,-0.0319164179104478,-0.0320039161182991
phi,0.301,-0.0321295486567164,-0.0322182193535265
phi,0.302,-0.0323433886567164,-0.0324332435868403
phi,0.303,-0.0325579379104478,-0.0326489888964057
phi,0.304,-0.0327731964179104,-0.0328654553606469
phi,0.305,-0.0329891641791045,-0.0330826430582476
phi,0.306,-0.0332058411940299,-0.0333005520681505
phi,0.307,-0.0334232274626866,-0.0335191824695578
phi,0.308,-0.0336413229850746,-0.0337385343419307
phi,0.309,-0.033860127761194,-0.0339586077649899
phi,0.31,-0.0340796417910448,-0.0341794028187153
phi,0.311,-0.0342998650746269,-0.0344009195833458
phi,0.312,-0.0345207976119403,-0.0346231581393799
phi,0.313,-0.0347424394029851,-0.0348461185675751
phi,0.314,-0.0349647904477612,-0.0350698009489484
phi,0.315,-0.0351878507462687,-0.0352942053647758
phi,0.316,-0.0354116202985075,-0.0355193318965927
phi,0.317,-0.0356360991044776,-0.0357451806261937
phi,0.318,-0.0358612871641791,-0.0359717516356327
phi,0.319,-0.0360871844776119,-0.0361990450072229
phi,0.32,-0.0363137910447761,-0.0364270608235366
phi,0.321,-0.0365411068656716,-0.0366557991674054
phi,0.322,-0.0367691319402985,-0.0368852601219202
phi,0.323,-0.0369978662686567,-0.0371154437704312
phi,0.324,-0.0372273098507463,-0.0373463501965478
phi,0.325,-0.0374574626865672,-0.0375779794841387
phi,0.326,-0.0376883247761194,-0.0378103317173317
phi,0.327,-0.037919896119403,-0.0380434069805139
phi,0.328,-0.0381521767164179,-0.0382772053583319
phi,0.329,-0.0383851665671642,-0.0385117269356913
phi,0.33,-0.0386188656716418,-0.038746971797757
phi,0.331,-0.0388532740298508,-0.0389829400299531
phi,0.332,-0.0390883916417911,-0.0392196317179632
phi,0.333,-0.0393242185074627,-0.0394570469477299
phi,0.334,-0.0395607546268657,-0.0396951858054551
phi,0.335,-0.039798,-0.0399340483776
phi,0.336,-0.0400359546268657,-0.0401736347508851
phi,0.337,-0.0402746185074627,-0.0404139450122901
phi,0.338,-0.0405139916417911,-0.0406549792490539
phi,0.339,-0.0407540740298508,-0.0408967375486747
phi,0.34,-0.0409948656716418,-0.04113921999891
phi,0.341,-0.0412363665671642,-0.0413824266877766
phi,0.342,-0.0414785767164179,-0.0416263577035503
phi,0.343,-0.041721496119403,-0.0418710131347664
phi,0.344,-0.0419651247761194,-0.0421163930702194
phi,0.345,-0.0422094626865672,-0.042362497598963
phi,0.346,-0.0424545098507463,-0.0426093268103102
phi,0.347,-0.0427002662686567,-0.0428568807938333
phi,0.348,-0.0429467319402985,-0.0431051596393636
phi,0.349,-0.0431939068656716,-0.0433541634369921
phi,0.35,-0.0434417910447761,-0.0436038922770687
phi,0.351,-0.0436903844776119,-0.0438543462502025
phi,0.352,-0.0439396871641791,-0.0441055254472623
phi,0.353,-0.0441896991044776,-0.0443574299593756
phi,0.354,-0.0444404202985075,-0.0446100598779295
phi,0.355,-0.0446918507462687,-0.0448634152945704
phi,0.356,-0.0449439904477612,-0.0451174963012037
phi,0.357,-0.0451968394029851,-0.0453723029899941
phi,0.358,-0.0454503976119403,-0.0456278354533659
phi,0.359,-0.0457046650746269,-0.0458840937840021
phi,0.36,-0.0459596417910448,-0.0461410780748454
phi,0.361,-0.046215327761194,-0.0463987884190975
phi,0.362,-0.0464717229850746,-0.0466572249102196
phi,0.363,-0.0467288274626866,-0.0469163876419318
phi,0.364,-0.0469866411940299,-0.0471762767082138
phi,0.365,-0.0472451641791045,-0.0474368922033044
phi,0.366,-0.0475043964179104,-0.0476982342217016
phi,0.367,-0.0477643379104478,-0.0479603028581628
phi,0.368,-0.0480249886567164,-0.0482230982077045
phi,0.369,-0.0482863486567164,-0.0484866203656026
phi,0.37,-0.0485484179104478,-0.0487508694273921
phi,0.371,-0.0488111964179105,-0.0490158454888674
phi,0.372,-0.0490746841791045,-0.049281548646082
phi,0.373,-0.0493388811940299,-0.0495479789953489
phi,0.374,-0.0496037874626866,-0.04981513663324
phi,0.375,-0.0498694029850746,-0.0500830216565867
phi,0.376,-0.050135727761194,-0.0503516341624798
phi,0.377,-0.0504027617910448,-0.0506209742482689
phi,0.378,-0.0506705050746269,-0.0508910420115633
phi,0.379,-0.0509389576119403,-0.0511618375502312
phi,0.38,-0.0512081194029851,-0.0514333609624003
phi,0.381,-0.0514779904477612,-0.0517056123464576
phi,0.382,-0.0517485707462687,-0.051978591801049
phi,0.383,-0.0520198602985075,-0.05225229942508
phi,0.384,-0.0522918591044776,-0.0525267353177153
phi,0.385,-0.0525645671641791,-0.0528018995783786
phi,0.386,-0.0528379844776119,-0.0530777923067532
phi,0.387,-0.0531121110447761,-0.0533544136027815
phi,0.388,-0.0533869468656717,-0.0536317635666651
phi,0.389,-0.0536624919402985,-0.0539098422988648
phi,0.39,-0.0539387462686567,-0.054188649900101
phi,0.391,-0.0542157098507463,-0.054468186471353
phi,0.392,-0.0544933826865672,-0.0547484521138593
phi,0.393,-0.0547717647761194,-0.0550294469291181
phi,0.394,-0.055050856119403,-0.0553111710188864
phi,0.395,-0.0553306567164179,-0.0555936244851807
phi,0.396,-0.0556111665671642,-0.0558768074302766
phi,0.397,-0.0558923856716418,-0.0561607199567092
phi,0.398,-0.0561743140298508,-0.0564453621672725
phi,0.399,-0.0564569516417911,-0.0567307341650201
phi,0.4,-0.0567402985074627,-0.0570168360532645
phi,0.401,-0.0570243546268657,-0.0573036679355779
phi,0.402,-0.05730912,-0.0575912299157914
phi,0.403,-0.0575945946268657,-0.0578795220979954
phi,0.404,-0.0578807785074627,-0.0581685445865397
phi,0.405,-0.0581676716417911,-0.0584582974860332
phi,0.406,-0.0584552740298508,-0.0587487809013441
phi,0.407,-0.0587435856716418,-0.0590399949376
phi,0.408,-0.0590326065671642,-0.0593319397001876
phi,0.409,-0.0593223367164179,-0.0596246152947528
phi,0.41,-0.059612776119403,-0.0599180218272009
phi,0.411,-0.0599039247761194,-0.0602121594036963
phi,0.412,-0.0601957826865672,-0.0605070281306629
phi,0.413,-0.0604883498507463,-0.0608026281147836
phi,0.414,-0.0607816262686567,-0.0610989594630007
phi,0.415,-0.0610756119402985,-0.0613960222825157
phi,0.416,-0.0613703068656716,-0.0616938166807893
phi,0.417,-0.0616657110447761,-0.0619923427655416
phi,0.418,-0.0619618244776119,-0.0622916006447518
phi,0.419,-0.0622586471641791,-0.0625915904266585
phi,0.42,-0.0625561791044776,-0.0628923122197594
phi,0.421,-0.0628544202985075,-0.0631937661328116
phi,0.422,-0.0631533707462687,-0.0634959522748313
phi,0.423,-0.0634530304477612,-0.0637988707550941
phi,0.424,-0.0637533994029851,-0.0641025216831348
phi,0.425,-0.0640544776119403,-0.0644069051687475
phi,0.426,-0.0643562650746269,-0.0647120213219854
phi,0.427,-0.0646587617910448,-0.065017870253161
phi,0.428,-0.064961967761194,-0.0653244520728463
phi,0.429,-0.0652658829850746,-0.0656317668918722
phi,0.43,-0.0655705074626866,-0.0659398148213291
phi,0.431,-0.0658758411940299,-0.0662485959725665
phi,0.432,-0.0661818841791045,-0.0665581104571934
phi,0.433,-0.0664886364179104,-0.0668683583870777
phi,0.434,-0.0667960979104478,-0.0671793398743467
phi,0.435,-0.0671042686567164,-0.0674910550313872
phi,0.436,-0.0674131486567164,-0.0678035039708448
phi,0.437,-0.0677227379104478,-0.0681166868056248
phi,0.438,-0.0680330364179104,-0.0684306036488914
phi,0.439,-0.0683440441791045,-0.0687452546140683
phi,0.44,-0.0686557611940299,-0.0690606398148383
phi,0.441,-0.0689681874626866,-0.0693767593651436
phi,0.442,-0.0692813229850746,-0.0696936133791854
phi,0.443,-0.069595167761194,-0.0700112019714244
phi,0.444,-0.0699097217910448,-0.0703295252565806
phi,0.445,-0.0702249850746269,-0.0706485833496329
phi,0.446,-0.0705409576119403,-0.0709683763658199
phi,0.447,-0.0708576394029851,-0.071288904420639
phi,0.448,-0.0711750304477612,-0.0716101676298473
phi,0.449,-0.0714931307462687,-0.0719321661094608
phi,0.45,-0.0718119402985075,-0.072254899975755
phi,0.451,-0.0721314591044776,-0.0725783693452645
phi,0.452,-0.0724516871641791,-0.0729025743347832
phi,0.453,-0.0727726244776119,-0.0732275150613642
phi,0.454,-0.0730942710447761,-0.0735531916423201
phi,0.455,-0.0734166268656717,-0.0738796041952224
phi,0.456,-0.0737396919402985,-0.074206752837902
phi,0.457,-0.0740634662686567,-0.0745346376884492
phi,0.458,-0.0743879498507463,-0.0748632588652133
phi,0.459,-0.0747131426865672,-0.0751926164868031
phi,0.46,-0.0750390447761194,-0.0755227106720865
phi,0.461,-0.075365656119403,-0.0758535415401907
phi,0.462,-0.0756929767164179,-0.076185109210502
phi,0.463,-0.0760210065671642,-0.0765174138026663
phi,0.464,-0.0763497456716418,-0.0768504554365884
phi,0.465,-0.0766791940298508,-0.0771842342324326
phi,0.466,-0.0770093516417911,-0.0775187503106224
phi,0.467,-0.0773402185074627,-0.0778540037918404
phi,0.468,-0.0776717946268657,-0.0781899947970286
phi,0.469,-0.07800408,-0.0785267234473881
phi,0.47,-0.0783370746268657,-0.0788641898643797
phi,0.471,-0.0786707785074627,-0.0792023941697229
phi,0.472,-0.079005191641791,-0.0795413364853966
phi,0.473,-0.0793403140298507,-0.0798810169336393
phi,0.474,-0.0796761456716418,-0.0802214356369483
phi,0.475,-0.0800126865671642,-0.0805625927180803
phi,0.476,-0.0803499367164179,-0.0809044883000515
phi,0.477,-0.080687896119403,-0.081247122506137
phi,0.478,-0.0810265647761194,-0.0815904954598714
phi,0.479,-0.0813659426865672,-0.0819346072850484
phi,0.48,-0.0817060298507463,-0.082279458105721
phi,0.481,-0.0820468262686567,-0.0826250480462015
phi,0.482,-0.0823883319402985,-0.0829713772310614
phi,0.483,-0.0827305468656716,-0.0833184457851315
phi,0.484,-0.0830734710447761,-0.0836662538335018
phi,0.485,-0.0834171044776119,-0.0840148015015217
phi,0.486,-0.0837614471641791,-0.0843640889147995
phi,0.487,-0.0841064991044776,-0.0847141161992033
phi,0.488,-0.0844522602985075,-0.0850648834808599
phi,0.489,-0.0847987307462687,-0.0854163908861557
phi,0.49,-0.0851459104477612,-0.0857686385417362
phi,0.491,-0.0854937994029851,-0.0861216265745063
phi,0.492,-0.0858423976119403,-0.08647535511163
phi,0.493,-0.0861917050746269,-0.0868298242805306
phi,0.494,-0.0865417217910448,-0.0871850342088907
phi,0.495,-0.086892447761194,-0.0875409850246522
phi,0.496,-0.0872438829850746,-0.087897676856016
phi,0.497,-0.0875960274626866,-0.0882551098314426
phi,0.498,-0.0879488811940299,-0.0886132840796514
phi,0.499,-0.0883024441791045,-0.0889721997296215
phi,0.5,-0.0886567164179105,-0.0893318569105907
theta,0,0,0
theta,0.001,3.33333333333333e-07,3.33333228635117e-07
theta,0.002,1.33333333333333e-06,1.33333165816187e-06
theta,0.003,3e-06,2.99999151944444e-06
theta,0.004,5.33333333333333e-06,5.33330653058985e-06
theta,0.005,8.33333333333333e-06,8.33326789694787e-06
theta,0.006,1.2e-05,1.19998643111111e-05
theta,0.007,1.63333333333333e-05,1.6333081952915e-05
theta,0.008,2.13333333333333e-05,2.13329044894376e-05
theta,0.009,2.7e-05,2.6999313075e-05
theta,0.01,3.33333333333333e-05,3.3332286351166e-05
theta,0.011,4.03333333333333e-05,4.03318004467421e-05
theta,0.012,4.8e-05,4.79978289777778e-05
theta,0.013,5.63333333333333e-05,5.63303430475652e-05
theta,0.014,6.53333333333333e-05,6.53293112466392e-05
theta,0.015,7.5e-05,7.49946996527778e-05
theta,0.016,8.53333333333333e-05,8.53264718310014e-05
theta,0.017,9.63333333333333e-05,9.63245888335734e-05
theta,0.018,0.000108,0.0001079890092
theta,0.019,0.000120333333333333,0.00012031968895703
theta,0.02,0.000133333333333333,0.000133316581618656
theta,0.021,0.000147,0.000146979638186111
theta,0.022,0.000161333333333333,0.000161308807147874
theta,0.023,0.000176333333333333,0.000176304034479664
theta,0.024,0.000192,0.000191965263644444
theta,0.025,0.000208333333333333,0.000208292435592421
theta,0.026,0.000225333333333333,0.000225285488761042
theta,0.027,0.000243,0.000242944359075
theta,0.028,0.000261333333333333,0.000261268979946228
theta,0.029,0.000280333333333333,0.000280259282273903
theta,0.03,0.0003,0.000299915194444444
theta,0.031,0.000320333333333333,0.000320236642331516
theta,0.032,0.000341333333333333,0.000341223549296022
theta,0.033,0.000363,0.000362875836186111
theta,0.034,0.000385333333333333,0.000385193421337174
theta,0.035,0.000408333333333333,0.000408176220571845
theta,0.036,0.000432,0.0004318241472
theta,0.037,0.000456333333333333,0.000456137112018758
theta,0.038,0.000481333333333333,0.000481115023312483
theta,0.039,0.000507,0.000506757786852778
theta,0.04,0.000533333333333333,0.000533065305898491
theta,0.041,0.000560333333333333,0.000560037481195713
theta,0.042,0.000588,0.000587674210977778
theta,0.043,0.000616333333333333,0.000615975390965261
theta,0.044,0.000645333333333333,0.000644940914365981
theta,0.045,0.000675,0.000674570671875
theta,0.046,0.000705333333333333,0.000704864551674623
theta,0.047,0.000736333333333333,0.000735822439434396
theta,0.048,0.000768,0.000767444218311111
theta,0.049,0.000800333333333333,0.0007997297689488
theta,0.05,0.000833333333333333,0.000832678969478738
theta,0.051,0.000867,0.000866291695519444
theta,0.052,0.000901333333333333,0.00090056782017668
theta,0.053,0.000936333333333333,0.00093550721404345
theta,0.054,0.000972,0.0009711097452
theta,0.055,0.00100833333333333,0.00100737527921382
theta,0.056,0.00104533333333333,0.00104430367913964
theta,0.057,0.001083,0.00108189480551944
theta,0.058,0.00112133333333333,0.00112014851638244
theta,0.059,0.00116033333333333,0.0011590646672451
theta,0.06,0.0012,0.00119864311111111
theta,0.061,0.00124033333333333,0.00123888369847143
theta,0.062,0.00128133333333333,0.00127978627730425
theta,0.063,0.001323,0.001321350693075
theta,0.064,0.00136533333333333,0.00136357678873635
theta,0.065,0.00140833333333333,0.00140646440472822
theta,0.066,0.001452,0.00145001337897778
theta,0.067,0.00149633333333333,0.00149422354689942
theta,0.068,0.00154133333333333,0.00153909474139479
theta,0.069,0.001587,0.00158462679285278
theta,0.07,0.00163333333333333,0.00163081952914952
theta,0.071,0.00168033333333333,0.00167767277564839
theta,0.072,0.001728,0.0017251863552
theta,0.073,0.00177633333333333,0.00177336008814222
theta,0.074,0.00182533333333333,0.00182219379230014
theta,0.075,0.001875,0.00187168728298611
theta,0.076,0.00192533333333333,0.00192184037299973
theta,0.077,0.00197633333333333,0.00197265287262781
theta,0.078,0.002028,0.00202412458964444
theta,0.079,0.00208033333333333,0.00207625532931094
theta,0.08,0.00213333333333333,0.00212904489437586
theta,0.081,0.002187,0.002182493085075
theta,0.082,0.00224133333333333,0.00223659969913141
theta,0.083,0.00229633333333333,0.00229136453175538
theta,0.084,0.002352,0.00234678737564444
theta,0.085,0.00240833333333333,0.00240286802098337
theta,0.086,0.00246533333333333,0.00245960625544417
theta,0.087,0.002523,0.00251700186418611
theta,0.088,0.00258133333333333,0.00257505462985569
theta,0.089,0.00264033333333333,0.00263376433258666
theta,0.09,0.0027,0.00269313075
theta,0.091,0.00276033333333333,0.00275315365720394
theta,0.092,0.00282133333333333,0.00281383282679396
theta,0.093,0.002883,0.00287516802885278
theta,0.094,0.00294533333333333,0.00293715903095034
theta,0.095,0.00300833333333333,0.00299980559814386
theta,0.096,0.003072,0.00306310749297778
theta,0.097,0.00313633333333333,0.00312706447548378
theta,0.098,0.00320133333333333,0.0031916763031808
theta,0.099,0.003267,0.003256942731075
theta,0.1,0.00333333333333333,0.00332286351165981
theta,0.101,0.00340033333333333,0.00338943839491588
theta,0.102,0.003468,0.00345666712831111
theta,0.103,0.00353633333333333,0.00352454945680065
theta,0.104,0.00360533333333333,0.00359308512282689
theta,0.105,0.003675,0.00366227386631944
theta,0.106,0.00374533333333333,0.0037321154246952
theta,0.107,0.00381633333333333,0.00380260953285826
theta,0.108,0.003888,0.0038737559232
theta,0.109,0.00396033333333333,0.00394555432559901
theta,0.11,0.00403333333333333,0.00401800446742112
theta,0.111,0.004107,0.00409110607351944
theta,0.112,0.00418133333333333,0.00416485886623429
theta,0.113,0.00425633333333333,0.00423926256539324
theta,0.114,0.004332,0.00431431688831111
theta,0.115,0.00440833333333333,0.00439002154978995
theta,0.116,0.00448533333333333,0.00446637626211907
theta,0.117,0.004563,0.004543380735075
theta,0.118,0.00464133333333333,0.00462103467592154
theta,0.119,0.00472033333333333,0.0046993377894097
theta,0.12,0.0048,0.00477828977777778
theta,0.121,0.00488033333333333,0.00485789034075127
theta,0.122,0.00496133333333333,0.00493813917554294
theta,0.123,0.005043,0.00501903597685278
theta,0.124,0.00512533333333333,0.00510058043686804
theta,0.125,0.00520833333333333,0.0051827722452632
theta,0.126,0.005292,0.0052656110892
theta,0.127,0.00537633333333333,0.0053490966533274
theta,0.128,0.00546133333333333,0.00543322861978162
theta,0.129,0.005547,0.00551800666818611
theta,0.13,0.00563333333333333,0.00560343047565158
theta,0.131,0.00572033333333333,0.00568949971677596
theta,0.132,0.005808,0.00577621406364444
theta,0.133,0.00589633333333333,0.00586357318582946
theta,0.134,0.00598533333333333,0.00595157675039067
theta,0.135,0.006075,0.006040224421875
theta,0.136,0.00616533333333333,0.0061295158623166
theta,0.137,0.00625633333333333,0.00621945073123687
theta,0.138,0.006348,0.00631002868564444
theta,0.139,0.00644033333333333,0.00640124938003522
theta,0.14,0.00653333333333333,0.00649311246639232
theta,0.141,0.006627,0.00658561759418611
theta,0.142,0.00672133333333333,0.00667876441037421
theta,0.143,0.00681633333333333,0.00677255255940147
theta,0.144,0.006912,0.0068669816832
theta,0.145,0.00700833333333333,0.00696205142118913
theta,0.146,0.00710533333333333,0.00705776141027544
theta,0.147,0.007203,0.00715411128485278
theta,0.148,0.00730133333333333,0.00725110067680219
theta,0.149,0.00740033333333333,0.00734872921549201
theta,0.15,0.0075,0.00744699652777778
theta,0.151,0.00760033333333333,0.0075459022380023
theta,0.152,0.00770133333333333,0.00764544596799561
theta,0.153,0.007803,0.007745627337075
theta,0.154,0.00790533333333333,0.00784644596204499
theta,0.155,0.00800833333333333,0.00794790145719736
theta,0.156,0.008112,0.00804999343431111
theta,0.157,0.00821633333333333,0.0081527215026525
theta,0.158,0.00832133333333333,0.00825608526897503
theta,0.159,0.008427,0.00836008433751944
theta,0.16,0.00853333333333333,0.00846471831001372
theta,0.161,0.00864033333333333,0.00856998678567308
theta,0.162,0.008748,0.0086758893612
theta,0.163,0.00885633333333333,0.00878242563078419
theta,0.164,0.00896533333333333,0.00888959518610261
theta,0.165,0.009075,0.00899739761631944
theta,0.166,0.00918533333333333,0.00910583250808615
theta,0.167,0.00929633333333333,0.00921489944554139
theta,0.168,0.009408,0.00932459801031111
theta,0.169,0.00952033333333333,0.00943492778150847
theta,0.17,0.00963333333333333,0.00954588833573388
theta,0.171,0.009747,0.009657479247075
theta,0.172,0.00986133333333333,0.00976970008710672
theta,0.173,0.00997633333333333,0.00988255042489119
theta,0.174,0.010092,0.00999602982697778
theta,0.175,0.0102083333333333,0.0101101378574031
theta,0.176,0.0103253333333333,0.0102248740776911
theta,0.177,0.010443,0.0103402380468528
theta,0.178,0.0105613333333333,0.0104562293213866
theta,0.179,0.0106803333333333,0.010572847455278
theta,0.18,0.0108,0.010690092
theta,0.181,0.0109203333333333,0.0108079625045126
theta,0.182,0.0110413333333333,0.0109264585152631
theta,0.183,0.011163,0.0110455795761861
theta,0.184,0.0112853333333333,0.0111653252287034
theta,0.185,0.0114083333333333,0.0112856950117241
theta,0.186,0.011532,0.0114066884616444
theta,0.187,0.0116563333333333,0.011528305112348
theta,0.188,0.0117813333333333,0.0116505444952055
theta,0.189,0.011907,0.011773406139075
theta,0.19,0.0120333333333333,0.0118968895703018
theta,0.191,0.0121603333333333,0.0120209943127183
theta,0.192,0.012288,0.0121457198876444
theta,0.193,0.0124163333333333,0.0122710658138871
theta,0.194,0.0125453333333333,0.0123970316077405
theta,0.195,0.012675,0.0125236167829861
theta,0.196,0.0128053333333333,0.0126508208508927
theta,0.197,0.0129363333333333,0.0127786433202163
theta,0.198,0.013068,0.0129070836972
theta,0.199,0.0132003333333333,0.0130361414855743
theta,0.2,0.0133333333333333,0.0131658161865569
theta,0.201,0.013467,0.0132961072988528
theta,0.202,0.0136013333333333,0.013427014318654
theta,0.203,0.0137363333333333,0.0135585367396402
theta,0.204,0.013872,0.0136906740529778
theta,0.205,0.0140083333333333,0.0138234257473208
theta,0.206,0.0141453333333333,0.0139567913088104
theta,0.207,0.014283,0.014090770221075
theta,0.208,0.0144213333333333,0.0142253619652302
theta,0.209,0.0145603333333333,0.0143605660198788
theta,0.21,0.0147,0.0144963818611111
theta,0.211,0.0148403333333333,0.0146328089625044
theta,0.212,0.0149813333333333,0.0147698467951232
theta,0.213,0.015123,0.0149074948275194
theta,0.214,0.0152653333333333,0.0150457525257322
theta,0.215,0.0154083333333333,0.0151846193532879
theta,0.216,0.015552,0.0153240947712
theta,0.217,0.0156963333333333,0.0154641782379694
theta,0.218,0.0158413333333333,0.0156048692095841
theta,0.219,0.015987,0.0157461671395194
theta,0.22,0.0161333333333333,0.015888071478738
theta,0.221,0.0162803333333333,0.0160305816756895
theta,0.222,0.016428,0.0161736971763111
theta,0.223,0.0165763333333333,0.016317417424027
theta,0.224,0.0167253333333333,0.0164617418597487
theta,0.225,0.016875,0.016606669921875
theta,0.226,0.0170253333333333,0.0167522010462919
theta,0.227,0.0171763333333333,0.0168983346663727
theta,0.228,0.017328,0.0170450702129778
theta,0.229,0.0174803333333333,0.017192407114455
theta,0.23,0.0176333333333333,0.0173403447966392
theta,0.231,0.017787,0.0174888826828528
theta,0.232,0.0179413333333333,0.0176380201939051
theta,0.233,0.0180963333333333,0.0177877567480928
theta,0.234,0.018252,0.0179380917612
theta,0.235,0.0184083333333333,0.0180890246464978
theta,0.236,0.0185653333333333,0.0182405548147446
theta,0.237,0.018723,0.0183926816741861
theta,0.238,0.0188813333333333,0.0185454046305553
theta,0.239,0.0190403333333333,0.0186987230870723
theta,0.24,0.0192,0.0188526364444444
theta,0.241,0.0193603333333333,0.0190071441008665
theta,0.242,0.0195213333333333,0.0191622454520203
theta,0.243,0.019683,0.019317939891075
theta,0.244,0.0198453333333333,0.019474226808687
theta,0.245,0.0200083333333333,0.0196311055929998
theta,0.246,0.020172,0.0197885756296444
theta,0.247,0.0203363333333333,0.0199466363017389
theta,0.248,0.0205013333333333,0.0201052869898886
theta,0.249,0.020667,0.0202645270721861
theta,0.25,0.0208333333333333,0.0204243559242112
theta,0.251,0.0210003333333333,0.0205847729190311
theta,0.252,0.021168,0.0207457774272
theta,0.253,0.0213363333333333,0.0209073688167595
theta,0.254,0.0215053333333333,0.0210695464532384
theta,0.255,0.021675,0.0212323096996528
theta,0.256,0.0218453333333333,0.0213956579165059
theta,0.257,0.0220163333333333,0.0215595904617883
theta,0.258,0.022188,0.0217241066909778
theta,0.259,0.0223603333333333,0.0218892059570393
theta,0.26,0.0225333333333333,0.0220548876104252
theta,0.261,0.022707,0.022221150999075
theta,0.262,0.0228813333333333,0.0223879954684154
theta,0.263,0.0230563333333333,0.0225554203613603
theta,0.264,0.023232,0.0227234250183111
theta,0.265,0.0234083333333333,0.0228920087771562
theta,0.266,0.0235853333333333,0.0230611709732713
theta,0.267,0.023763,0.0232309109395194
theta,0.268,0.0239413333333333,0.0234012280062508
theta,0.269,0.0241203333333333,0.0235721215013027
theta,0.27,0.0243,0.02374359075
theta,0.271,0.0244803333333333,0.0239156350751546
theta,0.272,0.0246613333333333,0.0240882537970656
theta,0.273,0.024843,0.0242614462335194
theta,0.274,0.0250253333333333,0.0244352116997899
theta,0.275,0.0252083333333333,0.0246095495086377
theta,0.276,0.025392,0.0247844589703111
theta,0.277,0.0255763333333333,0.0249599393925455
theta,0.278,0.0257613333333333,0.0251359900805635
theta,0.279,0.025947,0.025312610337075
theta,0.28,0.0261333333333333,0.0254897994622771
theta,0.281,0.0263203333333333,0.0256675567538542
theta,0.282,0.026508,0.0258458815069778
theta,0.283,0.0266963333333333,0.0260247730143068
theta,0.284,0.0268853333333333,0.0262042305659874
theta,0.285,0.027075,0.0263842534496528
theta,0.286,0.0272653333333333,0.0265648409504236
theta,0.287,0.0274563333333333,0.0267459923509076
theta,0.288,0.027648,0.0269277069312
theta,0.289,0.0278403333333333,0.027109983968883
theta,0.29,0.0280333333333333,0.0272928227390261
theta,0.291,0.028227,0.0274762225141861
theta,0.292,0.0284213333333333,0.0276601825644071
theta,0.293,0.0286163333333333,0.0278447021572204
theta,0.294,0.028812,0.0280297805576444
theta,0.295,0.0290083333333333,0.028215417028185
theta,0.296,0.0292053333333333,0.0284016108288351
theta,0.297,0.029403,0.028588361217075
theta,0.298,0.0296013333333333,0.0287756674478722
theta,0.299,0.0298003333333333,0.0289635287736813
theta,0.3,0.03,0.0291519444444444
theta,0.301,0.0302003333333333,0.0293409137075908
theta,0.302,0.0304013333333333,0.0295304358080368
theta,0.303,0.030603,0.0297205099881861
theta,0.304,0.0308053333333333,0.0299111354879298
theta,0.305,0.0310083333333333,0.0301023115446459
theta,0.306,0.031212,0.0302940373932
theta,0.307,0.0314163333333333,0.0304863122659447
theta,0.308,0.0316213333333333,0.0306791353927199
theta,0.309,0.031827,0.0308725060008528
theta,0.31,0.0320333333333333,0.0310664233151577
theta,0.311,0.0322403333333333,0.0312608865579364
theta,0.312,0.032448,0.0314558949489778
theta,0.313,0.0326563333333333,0.0316514477055579
theta,0.314,0.0328653333333333,0.03184754404244
theta,0.315,0.033075,0.032044183171875
theta,0.316,0.0332853333333333,0.0322413643036005
theta,0.317,0.0334963333333333,0.0324390866448418
theta,0.318,0.033708,0.0326373494003111
theta,0.319,0.0339203333333333,0.0328361517722081
theta,0.32,0.0341333333333333,0.0330354929602195
theta,0.321,0.034347,0.0332353721615194
theta,0.322,0.0345613333333333,0.0334357885707693
theta,0.323,0.0347763333333333,0.0336367413801175
theta,0.324,0.034992,0.0338382297792
theta,0.325,0.0352083333333333,0.0340402529551397
theta,0.326,0.0354253333333333,0.034242810092547
theta,0.327,0.035643,0.0344459003735194
theta,0.328,0.0358613333333333,0.0346495229776417
theta,0.329,0.0360803333333333,0.0348536770819858
theta,0.33,0.0363,0.0350583618611111
theta,0.331,0.0365203333333333,0.035263576487064
theta,0.332,0.0367413333333333,0.0354693201293783
theta,0.333,0.036963,0.035675591955075
theta,0.334,0.0371853333333333,0.0358823911286623
theta,0.335,0.0374083333333333,0.0360897168121356
theta,0.336,0.037632,0.0362975681649778
theta,0.337,0.0378563333333333,0.0365059443441587
theta,0.338,0.0380813333333333,0.0367148445041355
theta,0.339,0.038307,0.0369242677968528
theta,0.34,0.0385333333333333,0.0371342133717421
theta,0.341,0.0387603333333333,0.0373446803757225
theta,0.342,0.038988,0.0375556679532
theta,0.343,0.0392163333333333,0.0377671752460681
theta,0.344,0.0394453333333333,0.0379792013937075
theta,0.345,0.039675,0.0381917455329861
theta,0.346,0.0399053333333333,0.038404806798259
theta,0.347,0.0401363333333333,0.0386183843213685
theta,0.348,0.040368,0.0388324772316444
theta,0.349,0.0406003333333333,0.0390470846559035
theta,0.35,0.0408333333333333,0.0392622057184499
theta,0.351,0.041067,0.039477839541075
theta,0.352,0.0413013333333333,0.0396939852430573
theta,0.353,0.0415363333333333,0.0399106419411628
theta,0.354,0.041772,0.0401278087496444
theta,0.355,0.0420083333333333,0.0403454847802426
theta,0.356,0.0422453333333333,0.0405636691421849
theta,0.357,0.042483,0.0407823609421861
theta,0.358,0.0427213333333333,0.0410015592844483
theta,0.359,0.0429603333333333,0.0412212632706607
theta,0.36,0.0432,0.041441472
theta,0.361,0.0434403333333333,0.0416621845691299
theta,0.362,0.0436813333333333,0.0418834000722014
theta,0.363,0.043923,0.0421051176008528
theta,0.364,0.0441653333333333,0.0423273362442096
theta,0.365,0.0444083333333333,0.0425500550888846
theta,0.366,0.044652,0.0427732732189778
theta,0.367,0.0448963333333333,0.0429969897160764
theta,0.368,0.0451413333333333,0.0432212036592549
theta,0.369,0.045387,0.043445914125075
theta,0.37,0.0456333333333333,0.0436711201875857
theta,0.371,0.0458803333333333,0.0438968209183233
theta,0.372,0.046128,0.0441230153863111
theta,0.373,0.0463763333333333,0.0443497026580599
theta,0.374,0.0466253333333333,0.0445768817975676
theta,0.375,0.046875,0.0448045518663194
theta,0.376,0.0471253333333333,0.0450327119232878
theta,0.377,0.0473763333333333,0.0452613610249323
theta,0.378,0.047628,0.0454904982252
theta,0.379,0.0478803333333333,0.0457201225755249
theta,0.38,0.0481333333333333,0.0459502331248285
theta,0.381,0.048387,0.0461808289195194
theta,0.382,0.0486413333333333,0.0464119090034935
theta,0.383,0.0488963333333333,0.046643472418134
theta,0.384,0.049152,0.0468755182023111
theta,0.385,0.0494083333333333,0.0471080453923825
theta,0.386,0.0496653333333333,0.0473410530221931
theta,0.387,0.049923,0.047574540123075
theta,0.388,0.0501813333333333,0.0478085057238475
theta,0.389,0.0504403333333333,0.0480429488508171
theta,0.39,0.0507,0.0482778685277778
theta,0.391,0.0509603333333333,0.0485132637760105
theta,0.392,0.0512213333333333,0.0487491336142837
theta,0.393,0.051483,0.0489854770588528
theta,0.394,0.0517453333333333,0.0492222931234606
theta,0.395,0.0520083333333333,0.0494595808193373
theta,0.396,0.052272,0.0496973391552
theta,0.397,0.0525363333333333,0.0499355671372533
theta,0.398,0.0528013333333333,0.050174263769189
theta,0.399,0.053067,0.0504134280521861
theta,0.4,0.0533333333333333,0.0506530589849108
theta,0.401,0.0536003333333333,0.0508931555635167
theta,0.402,0.053868,0.0511337167816445
theta,0.403,0.0541363333333333,0.051374741630422
theta,0.404,0.0544053333333333,0.0516162290984647
theta,0.405,0.054675,0.051858178171875
theta,0.406,0.0549453333333333,0.0521005878342425
theta,0.407,0.0552163333333333,0.0523434570666443
theta,0.408,0.055488,0.0525867848476444
theta,0.409,0.0557603333333333,0.0528305701532945
theta,0.41,0.0560333333333333,0.0530748119571331
theta,0.411,0.056307,0.0533195092301861
theta,0.412,0.0565813333333333,0.0535646609409668
theta,0.413,0.0568563333333333,0.0538102660554755
theta,0.414,0.057132,0.0540563235372
theta,0.415,0.0574083333333333,0.054302832347115
theta,0.416,0.0576853333333333,0.0545497914436828
theta,0.417,0.057963,0.0547971997828528
theta,0.418,0.0582413333333333,0.0550450563180614
theta,0.419,0.0585203333333333,0.0552933600002327
theta,0.42,0.0588,0.0555421097777778
theta,0.421,0.0590803333333333,0.0557913045965949
theta,0.422,0.0593613333333333,0.0560409434000697
theta,0.423,0.059643,0.056291025129075
theta,0.424,0.0599253333333333,0.0565415487219709
theta,0.425,0.0602083333333333,0.0567925131146048
theta,0.426,0.060492,0.0570439172403111
theta,0.427,0.0607763333333333,0.0572957600299117
theta,0.428,0.0610613333333333,0.0575480404117158
theta,0.429,0.061347,0.0578007573115194
theta,0.43,0.0616333333333333,0.0580539096526063
theta,0.431,0.0619203333333333,0.0583074963557472
theta,0.432,0.062208,0.0585615163392
theta,0.433,0.0624963333333333,0.0588159685187101
theta,0.434,0.0627853333333333,0.05907085180751
theta,0.435,0.063075,0.0593261651163194
theta,0.436,0.0633653333333333,0.0595819073533454
theta,0.437,0.0636563333333333,0.0598380774242821
theta,0.438,0.063948,0.0600946742323111
theta,0.439,0.0642403333333333,0.0603516966781011
theta,0.44,0.0645333333333333,0.060609143659808
theta,0.441,0.064827,0.060867014073075
theta,0.442,0.0651213333333333,0.0611253068110326
theta,0.443,0.0654163333333333,0.0613840207642986
theta,0.444,0.065712,0.0616431548209778
theta,0.445,0.0660083333333333,0.0619027078666624
theta,0.446,0.0663053333333333,0.0621626787844318
theta,0.447,0.066603,0.0624230664548528
theta,0.448,0.0669013333333333,0.0626838697559791
theta,0.449,0.0672003333333333,0.0629450875633521
theta,0.45,0.0675,0.06320671875
theta,0.451,0.0678003333333333,0.0634687621864385
theta,0.452,0.0681013333333333,0.0637312167406705
theta,0.453,0.068403,0.0639940812781861
theta,0.454,0.0687053333333333,0.0642573546619627
theta,0.455,0.0690083333333333,0.0645210357524649
theta,0.456,0.069312,0.0647851234076444
theta,0.457,0.0696163333333333,0.0650496164829406
theta,0.458,0.0699213333333333,0.0653145138312796
theta,0.459,0.070227,0.065579814303075
theta,0.46,0.0705333333333333,0.0658455167462277
theta,0.461,0.0708403333333333,0.0661116200061258
theta,0.462,0.071148,0.0663781229256444
theta,0.463,0.0714563333333333,0.0666450243451463
theta,0.464,0.0717653333333333,0.0669123231024812
theta,0.465,0.072075,0.0671800180329861
theta,0.466,0.0723853333333333,0.0674481079694853
theta,0.467,0.0726963333333333,0.0677165917422904
theta,0.468,0.073008,0.0679854681792
theta,0.469,0.0733203333333333,0.0682547361055002
theta,0.47,0.0736333333333333,0.0685243943439643
theta,0.471,0.073947,0.0687944417148528
theta,0.472,0.0742613333333333,0.0690648770359133
theta,0.473,0.0745763333333333,0.0693356991223809
theta,0.474,0.074892,0.0696069067869778
theta,0.475,0.0752083333333333,0.0698784988399134
theta,0.476,0.0755253333333333,0.0701504740888845
theta,0.477,0.075843,0.070422831339075
theta,0.478,0.0761613333333333,0.0706955693931561
theta,0.479,0.0764803333333333,0.0709686870512862
theta,0.48,0.0768,0.0712421831111111
theta,0.481,0.0771203333333333,0.0715160563677636
theta,0.482,0.0774413333333333,0.0717903056138639
theta,0.483,0.077763,0.0720649296395194
theta,0.484,0.0780853333333333,0.0723399272323248
theta,0.485,0.0784083333333333,0.072615297177362
theta,0.486,0.078732,0.0728910382572
theta,0.487,0.0790563333333333,0.0731671492518953
theta,0.488,0.0793813333333333,0.0734436289389915
theta,0.489,0.079707,0.0737204760935194
theta,0.49,0.0800333333333333,0.0739976894879973
theta,0.491,0.0803603333333333,0.0742752678924303
theta,0.492,0.080688,0.0745532100743111
theta,0.493,0.0810163333333333,0.0748315147986196
theta,0.494,0.0813453333333333,0.0751101808278228
theta,0.495,0.081675,0.075389206921875
theta,0.496,0.0820053333333333,0.0756685918382178
theta,0.497,0.0823363333333333,0.0759483343317801
theta,0.498,0.082668,0.0762284331549778
theta,0.499,0.0830003333333333,0.0765088870577142
theta,0.5,0.0833333333333333,0.07678969478738
