12.5	H0mework.Chemistry.LAlanineElectronicFrame.ProducerSourceGeneratedElectronicFrameNorm
13.7	H0mework.Chemistry.LAlanineElectronicFrame.ProducerSourceGeneratedHeldElectronicMatrix
16.5	H0mework.Chemistry.LAlanineElectronicFrame.ProducerSourceGeneratedSCFProjectionGap
23	H0mework.Chemistry.LAlanineHeldForce.ProducerSourceGeneratedHeldDensityRealization
13.4	H0mework.Chemistry.LAlanineJointNext.ProducerCoefficients
27.5	H0mework.Chemistry.LAlaninePropagation.GeneratedNativeClock
10.7	H0mework.NavierStokes.Accumulation.ConcretePhaseRichActionMaterialization
11.3	H0mework.Physics.FixedJoint.FixedP286CanonicalJointActionWrite
10.4	H0mework.Physics.LowEnergy.AlphaSource.CanonicalPreparationCoefficientFormula
14.2	H0mework.Physics.LowEnergy.AlphaSource.CanonicalPreparationSerializedAsset
11	H0mework.Physics.LowEnergy.AlphaSource.CanonicalPreparationSerializedConsumer
58	H0mework.Physics.LowEnergy.AlphaSource.CanonicalSourcePropagationNativeGravityScalarReturn
17.5	H0mework.Physics.LowEnergy.AlphaSource.CanonicalSourcePropagationNativeOriginalDictionaryIdentity
